id,displayName,city,rating,photoURL,age,color,gender,timestamp
327,Lusa,Edirne,5,https://placedog.net/640/480?r,4,siyah,disi,2022-06-06T09:26:15.725Z
503,Laure,Tekirdag,3,https://placedog.net/640/480?r,4,kahverengi,disi,2022-06-06T09:26:15.726Z
587,Kore,Isparta,5,https://placedog.net/640/480?r,12,beyaz,erkek,2022-06-06T09:26:15.723Z
674,Fanny,Mugla,1,https://placedog.net/640/480?r,5,sari,erkek,2022-06-06T09:26:15.722Z
737,Monika,Antalya,5,https://placedog.net/640/480?r,5,gri,erkek,2022-06-06T09:26:15.726Z
1105,Christal,Corum,4,https://placedog.net/640/480?r,10,gri,erkek,2022-06-06T09:26:15.723Z
1196,Elsie,Sakarya,3,https://placedog.net/640/480?r,3,beyaz,erkek,2022-06-06T09:26:15.724Z
1221,Vere,Bitlis,2,https://placedog.net/640/480?r,7,siyah,disi,2022-06-06T09:26:15.724Z
1283,Courtnay,Edirne,1,https://placedog.net/640/480?r,7,beyaz,disi,2022-06-06T09:26:15.721Z
1564,Fred,Bitlis,4,https://placedog.net/640/480?r,5,sari,disi,2022-06-06T09:26:15.721Z
1605,Fred,Kahramanmaras,2,https://placedog.net/640/480?r,3,gri,disi,2022-06-06T09:26:15.724Z
1984,Riannon,Diyarbakir,3,https://placedog.net/640/480?r,1,beyaz,disi,2022-06-06T09:26:15.721Z
2260,Kaia,Bilecik,2,https://placedog.net/640/480?r,7,beyaz,disi,2022-06-06T09:26:15.722Z
2595,Anica,Van,1,https://placedog.net/640/480?r,8,sari,disi,2022-06-06T09:26:15.724Z
2667,Elyssa,Burdur,2,https://placedog.net/640/480?r,5,sari,disi,2022-06-06T09:26:15.726Z
2668,Teddie,Aksaray,2,https://placedog.net/640/480?r,9,beyaz,disi,2022-06-06T09:26:15.721Z
2759,Melisent,Bilecik,4,https://placedog.net/640/480?r,2,gri,erkek,2022-06-06T09:26:15.726Z
2764,Dale,Diyarbakir,1,https://placedog.net/640/480?r,10,gri,disi,2022-06-06T09:26:15.723Z
2919,Annabela,Canakkale,3,https://placedog.net/640/480?r,9,beyaz,disi,2022-06-06T09:26:15.722Z
3951,Karina,Istanbul,1,https://placedog.net/640/480?r,15,beyaz,disi,2022-06-06T09:26:15.722Z
4500,Lorenza,Kastamonu,1,https://placedog.net/640/480?r,10,sari,erkek,2022-06-06T09:26:15.725Z
5061,Elsie,Kocaeli,2,https://placedog.net/640/480?r,4,gri,erkek,2022-06-06T09:26:15.721Z
5083,Eve,Mersin,3,https://placedog.net/640/480?r,9,sari,erkek,2022-06-06T09:26:15.725Z
5410,Petronia,Hatay,1,https://placedog.net/640/480?r,7,sari,disi,2022-06-06T09:26:15.723Z
5429,Bettine,Duzce,4,https://placedog.net/640/480?r,1,beyaz,erkek,2022-06-06T09:26:15.720Z
5571,Feliza,Bayburt,1,https://placedog.net/640/480?r,12,kahverengi,disi,2022-06-06T09:26:15.723Z
5577,Letizia,Kocaeli,2,https://placedog.net/640/480?r,11,siyah,erkek,2022-06-06T09:26:15.724Z
6227,Margette,Karaman,5,https://placedog.net/640/480?r,8,kahverengi,disi,2022-06-06T09:26:15.723Z
6273,Ellette,Hakkari,3,https://placedog.net/640/480?r,5,siyah,disi,2022-06-06T09:26:15.726Z
6589,Viviene,Usak,4,https://placedog.net/640/480?r,14,siyah,disi,2022-06-06T09:26:15.721Z
6677,Aaren,Corum,3,https://placedog.net/640/480?r,1,kahverengi,erkek,2022-06-06T09:26:15.726Z
6822,Beverley,Tokat,2,https://placedog.net/640/480?r,10,kahverengi,erkek,2022-06-06T09:26:15.723Z
7171,Viki,Sirnak,2,https://placedog.net/640/480?r,7,gri,erkek,2022-06-06T09:26:15.726Z
7396,Sallie,Trabzon,2,https://placedog.net/640/480?r,9,kahverengi,erkek,2022-06-06T09:26:15.726Z
7442,Georgina,Aksaray,4,https://placedog.net/640/480?r,2,beyaz,disi,2022-06-06T09:26:15.725Z
8298,Karlee,Adana,4,https://placedog.net/640/480?r,15,siyah,disi,2022-06-06T09:26:15.724Z
8310,Suzette,Karaman,2,https://placedog.net/640/480?r,7,sari,erkek,2022-06-06T09:26:15.724Z
8317,Ofilia,Edirne,3,https://placedog.net/640/480?r,1,gri,disi,2022-06-06T09:26:15.725Z
8587,Frank,Van,2,https://placedog.net/640/480?r,4,kahverengi,disi,2022-06-06T09:26:15.721Z
9221,Helena,Van,2,https://placedog.net/640/480?r,5,kahverengi,disi,2022-06-06T09:26:15.723Z
9856,Donnie,Denizli,5,https://placedog.net/640/480?r,10,beyaz,disi,2022-06-06T09:26:15.723Z
10178,Petronia,Burdur,3,https://placedog.net/640/480?r,12,siyah,disi,2022-06-06T09:26:15.725Z
10416,Vinita,Nevsehir,1,https://placedog.net/640/480?r,11,beyaz,disi,2022-06-06T09:26:15.727Z
10848,Phedra,Ordu,1,https://placedog.net/640/480?r,6,sari,disi,2022-06-06T09:26:15.725Z
11024,Mamie,Artvin,5,https://placedog.net/640/480?r,12,kahverengi,disi,2022-06-06T09:26:15.722Z
11165,Kristan,Balikesir,3,https://placedog.net/640/480?r,8,siyah,disi,2022-06-06T09:26:15.726Z
11376,Valli,Artvin,2,https://placedog.net/640/480?r,9,kahverengi,disi,2022-06-06T09:26:15.722Z
11494,Dotty,Konya,3,https://placedog.net/640/480?r,9,siyah,erkek,2022-06-06T09:26:15.722Z
11494,Ernesta,Batman,5,https://placedog.net/640/480?r,3,gri,disi,2022-06-06T09:26:15.727Z
11800,Allyce,Kirikkale,4,https://placedog.net/640/480?r,11,kahverengi,disi,2022-06-06T09:26:15.723Z
11994,Rani,Bingol,2,https://placedog.net/640/480?r,12,siyah,disi,2022-06-06T09:26:15.723Z
12121,Chloris,Tekirdag,2,https://placedog.net/640/480?r,11,kahverengi,erkek,2022-06-06T09:26:15.725Z
12394,Tomasina,Ordu,4,https://placedog.net/640/480?r,2,sari,disi,2022-06-06T09:26:15.725Z
12960,Minda,Kirklareli,2,https://placedog.net/640/480?r,12,beyaz,disi,2022-06-06T09:26:15.725Z
13269,Regina,Aksaray,5,https://placedog.net/640/480?r,13,siyah,erkek,2022-06-06T09:26:15.725Z
13342,Nariko,Igdir,4,https://placedog.net/640/480?r,1,siyah,erkek,2022-06-06T09:26:15.724Z
13444,Susette,Ardahan,1,https://placedog.net/640/480?r,7,sari,disi,2022-06-06T09:26:15.723Z
13607,Mathilda,Trabzon,2,https://placedog.net/640/480?r,3,siyah,erkek,2022-06-06T09:26:15.725Z
13870,Jsandye,Edirne,3,https://placedog.net/640/480?r,7,gri,disi,2022-06-06T09:26:15.726Z
14047,Elmira,Kastamonu,5,https://placedog.net/640/480?r,14,siyah,erkek,2022-06-06T09:26:15.722Z
14239,Chloris,Adiyaman,3,https://placedog.net/640/480?r,7,siyah,erkek,2022-06-06T09:26:15.721Z
14315,Beatriz,Ordu,5,https://placedog.net/640/480?r,10,sari,disi,2022-06-06T09:26:15.722Z
14381,Riannon,Mersin,3,https://placedog.net/640/480?r,4,siyah,disi,2022-06-06T09:26:15.722Z
14523,Jolyn,Siirt,1,https://placedog.net/640/480?r,5,gri,erkek,2022-06-06T09:26:15.726Z
15163,Marti,Antalya,5,https://placedog.net/640/480?r,13,kahverengi,disi,2022-06-06T09:26:15.727Z
15367,Zondra,Manisa,3,https://placedog.net/640/480?r,8,siyah,disi,2022-06-06T09:26:15.721Z
15451,Ardeen,Gumushane,3,https://placedog.net/640/480?r,9,gri,erkek,2022-06-06T09:26:15.726Z
15682,Averyl,Eskisehir,5,https://placedog.net/640/480?r,5,gri,erkek,2022-06-06T09:26:15.723Z
15892,Sissy,Van,2,https://placedog.net/640/480?r,4,gri,erkek,2022-06-06T09:26:15.725Z
16060,Ana,Konya,4,https://placedog.net/640/480?r,5,kahverengi,erkek,2022-06-06T09:26:15.724Z
16347,Celestyna,Manisa,2,https://placedog.net/640/480?r,13,beyaz,erkek,2022-06-06T09:26:15.726Z
16421,Rosabelle,Amasya,1,https://placedog.net/640/480?r,7,sari,disi,2022-06-06T09:26:15.721Z
16520,Theodora,Kocaeli,1,https://placedog.net/640/480?r,7,beyaz,disi,2022-06-06T09:26:15.722Z
17152,Damaris,Kilis,3,https://placedog.net/640/480?r,15,sari,erkek,2022-06-06T09:26:15.724Z
17208,Raf,Isparta,3,https://placedog.net/640/480?r,15,sari,erkek,2022-06-06T09:26:15.726Z
17684,Carly,Kahramanmaras,3,https://placedog.net/640/480?r,5,beyaz,disi,2022-06-06T09:26:15.724Z
17815,Monika,Giresun,3,https://placedog.net/640/480?r,10,gri,erkek,2022-06-06T09:26:15.725Z
18267,Jeanna,Siirt,1,https://placedog.net/640/480?r,14,sari,erkek,2022-06-06T09:26:15.726Z
18540,Margette,Nigde,4,https://placedog.net/640/480?r,14,gri,erkek,2022-06-06T09:26:15.726Z
19538,Louella,Kutahya,3,https://placedog.net/640/480?r,6,kahverengi,erkek,2022-06-06T09:26:15.724Z
19741,Jan,Samsun,1,https://placedog.net/640/480?r,14,kahverengi,erkek,2022-06-06T09:26:15.725Z
19906,Julieta,Nevsehir,5,https://placedog.net/640/480?r,14,kahverengi,disi,2022-06-06T09:26:15.725Z
20093,Alie,Kutahya,3,https://placedog.net/640/480?r,11,gri,erkek,2022-06-06T09:26:15.722Z
20213,Nita,Siirt,3,https://placedog.net/640/480?r,14,kahverengi,disi,2022-06-06T09:26:15.726Z
20754,Anallese,Osmaniye,3,https://placedog.net/640/480?r,3,siyah,disi,2022-06-06T09:26:15.726Z
21015,Natka,Ordu,3,https://placedog.net/640/480?r,5,sari,erkek,2022-06-06T09:26:15.724Z
21072,Keelia,Amasya,3,https://placedog.net/640/480?r,3,sari,disi,2022-06-06T09:26:15.726Z
21120,Mildrid,Mardin,2,https://placedog.net/640/480?r,1,gri,erkek,2022-06-06T09:26:15.724Z
21294,Mary,Isparta,5,https://placedog.net/640/480?r,2,siyah,erkek,2022-06-06T09:26:15.726Z
21675,Aubrie,Kutahya,1,https://placedog.net/640/480?r,8,kahverengi,erkek,2022-06-06T09:26:15.725Z
21716,Corly,Siirt,4,https://placedog.net/640/480?r,3,siyah,disi,2022-06-06T09:26:15.726Z
21949,Stephanie,Adiyaman,1,https://placedog.net/640/480?r,10,kahverengi,disi,2022-06-06T09:26:15.720Z
22115,Larine,Karabuk,3,https://placedog.net/640/480?r,15,beyaz,erkek,2022-06-06T09:26:15.725Z
22223,Jasmina,Antalya,5,https://placedog.net/640/480?r,8,gri,disi,2022-06-06T09:26:15.720Z
22227,Shaine,Mus,1,https://placedog.net/640/480?r,4,sari,disi,2022-06-06T09:26:15.724Z
22338,Collen,Kayseri,1,https://placedog.net/640/480?r,2,sari,erkek,2022-06-06T09:26:15.724Z
22764,Cristine,Igdir,3,https://placedog.net/640/480?r,13,sari,erkek,2022-06-06T09:26:15.725Z
22854,Mureil,Eskisehir,1,https://placedog.net/640/480?r,12,gri,disi,2022-06-06T09:26:15.722Z
23279,Natka,Mugla,1,https://placedog.net/640/480?r,2,siyah,erkek,2022-06-06T09:26:15.724Z
23479,Emylee,Sivas,2,https://placedog.net/640/480?r,12,sari,erkek,2022-06-06T09:26:15.725Z
23511,Tera,Sanliurfa,5,https://placedog.net/640/480?r,5,siyah,disi,2022-06-06T09:26:15.725Z
23704,Netty,Kayseri,2,https://placedog.net/640/480?r,15,kahverengi,disi,2022-06-06T09:26:15.724Z
23710,Queenie,Mersin,3,https://placedog.net/640/480?r,4,beyaz,erkek,2022-06-06T09:26:15.726Z
23766,Noelle,Artvin,1,https://placedog.net/640/480?r,15,kahverengi,erkek,2022-06-06T09:26:15.725Z
23842,Nataline,Nevsehir,4,https://placedog.net/640/480?r,10,siyah,erkek,2022-06-06T09:26:15.722Z
23901,Dione,Van,5,https://placedog.net/640/480?r,11,sari,disi,2022-06-06T09:26:15.722Z
23989,Kore,Bayburt,5,https://placedog.net/640/480?r,4,siyah,erkek,2022-06-06T09:26:15.723Z
24012,Jorry,Konya,5,https://placedog.net/640/480?r,14,kahverengi,disi,2022-06-06T09:26:15.722Z
24370,Hildegaard,Bingol,3,https://placedog.net/640/480?r,3,sari,erkek,2022-06-06T09:26:15.726Z
24589,Sibella,Sanliurfa,3,https://placedog.net/640/480?r,15,sari,erkek,2022-06-06T09:26:15.724Z
25532,Esmeralda,Van,5,https://placedog.net/640/480?r,15,siyah,erkek,2022-06-06T09:26:15.722Z
25701,Caressa,Usak,2,https://placedog.net/640/480?r,10,beyaz,erkek,2022-06-06T09:26:15.722Z
25800,Maurene,Konya,2,https://placedog.net/640/480?r,12,beyaz,erkek,2022-06-06T09:26:15.724Z
25820,Adriana,Cankiri,1,https://placedog.net/640/480?r,1,sari,disi,2022-06-06T09:26:15.723Z
25948,Augustine,Zonguldak,2,https://placedog.net/640/480?r,10,siyah,erkek,2022-06-06T09:26:15.721Z
26110,Annabela,Aksaray,4,https://placedog.net/640/480?r,12,sari,disi,2022-06-06T09:26:15.723Z
26345,Cassondra,Yozgat,2,https://placedog.net/640/480?r,15,beyaz,erkek,2022-06-06T09:26:15.723Z
26347,Talya,Samsun,1,https://placedog.net/640/480?r,11,beyaz,disi,2022-06-06T09:26:15.726Z
26378,Mallory,Van,1,https://placedog.net/640/480?r,12,sari,disi,2022-06-06T09:26:15.723Z
27188,Diena,Gumushane,1,https://placedog.net/640/480?r,6,beyaz,erkek,2022-06-06T09:26:15.725Z
27552,Hettie,Giresun,3,https://placedog.net/640/480?r,5,gri,disi,2022-06-06T09:26:15.726Z
28073,Marline,Manisa,1,https://placedog.net/640/480?r,1,gri,erkek,2022-06-06T09:26:15.722Z
28244,Allyce,Giresun,3,https://placedog.net/640/480?r,12,sari,erkek,2022-06-06T09:26:15.723Z
28785,Goldie,Afyon,3,https://placedog.net/640/480?r,10,siyah,disi,2022-06-06T09:26:15.721Z
28809,Morganica,Duzce,3,https://placedog.net/640/480?r,14,siyah,erkek,2022-06-06T09:26:15.724Z
28809,Ericka,Rize,5,https://placedog.net/640/480?r,7,kahverengi,disi,2022-06-06T09:26:15.726Z
29092,Ana,Bartin,3,https://placedog.net/640/480?r,14,gri,erkek,2022-06-06T09:26:15.726Z
29852,Nariko,Nigde,2,https://placedog.net/640/480?r,2,kahverengi,erkek,2022-06-06T09:26:15.721Z
29863,Alleen,Ordu,5,https://placedog.net/640/480?r,8,siyah,erkek,2022-06-06T09:26:15.724Z
29996,Jany,Konya,2,https://placedog.net/640/480?r,9,kahverengi,erkek,2022-06-06T09:26:15.724Z
30385,Marsiella,Afyon,1,https://placedog.net/640/480?r,9,siyah,erkek,2022-06-06T09:26:15.723Z
30524,Gwyneth,Cankiri,4,https://placedog.net/640/480?r,9,siyah,disi,2022-06-06T09:26:15.721Z
30911,Frieda,Antalya,3,https://placedog.net/640/480?r,14,gri,disi,2022-06-06T09:26:15.721Z
31346,Roslyn,Giresun,3,https://placedog.net/640/480?r,5,kahverengi,erkek,2022-06-06T09:26:15.724Z
31608,Brana,Cankiri,5,https://placedog.net/640/480?r,12,gri,erkek,2022-06-06T09:26:15.724Z
32103,Kaja,Hakkari,3,https://placedog.net/640/480?r,1,siyah,erkek,2022-06-06T09:26:15.722Z
32116,Mildrid,Kirikkale,2,https://placedog.net/640/480?r,9,kahverengi,disi,2022-06-06T09:26:15.726Z
32360,Myrtice,Malatya,2,https://placedog.net/640/480?r,7,kahverengi,disi,2022-06-06T09:26:15.722Z
32757,Annecorinne,Cankiri,4,https://placedog.net/640/480?r,4,siyah,disi,2022-06-06T09:26:15.726Z
32797,Beatriz,Kirklareli,3,https://placedog.net/640/480?r,15,gri,disi,2022-06-06T09:26:15.723Z
33264,Merle,Trabzon,4,https://placedog.net/640/480?r,4,siyah,disi,2022-06-06T09:26:15.724Z
33365,Pearline,Aksaray,3,https://placedog.net/640/480?r,14,siyah,disi,2022-06-06T09:26:15.724Z
33384,Angela,Yozgat,4,https://placedog.net/640/480?r,5,kahverengi,erkek,2022-06-06T09:26:15.724Z
33525,Tabbatha,Mugla,4,https://placedog.net/640/480?r,8,beyaz,erkek,2022-06-06T09:26:15.723Z
33731,Janeczka,Bolu,5,https://placedog.net/640/480?r,4,beyaz,erkek,2022-06-06T09:26:15.726Z
34159,Emilia,Bitlis,4,https://placedog.net/640/480?r,6,sari,erkek,2022-06-06T09:26:15.725Z
34276,Joane,Hatay,1,https://placedog.net/640/480?r,6,kahverengi,disi,2022-06-06T09:26:15.725Z
34352,Libbie,Erzurum,3,https://placedog.net/640/480?r,14,kahverengi,erkek,2022-06-06T09:26:15.722Z
34446,Alyssa,Kocaeli,3,https://placedog.net/640/480?r,11,gri,disi,2022-06-06T09:26:15.725Z
34473,Thalia,Bayburt,1,https://placedog.net/640/480?r,9,sari,disi,2022-06-06T09:26:15.722Z
34586,Karina,Aydin,5,https://placedog.net/640/480?r,13,siyah,disi,2022-06-06T09:26:15.723Z
34654,Dorene,Zonguldak,5,https://placedog.net/640/480?r,14,gri,erkek,2022-06-06T09:26:15.723Z
34677,Suzette,Cankiri,3,https://placedog.net/640/480?r,1,gri,erkek,2022-06-06T09:26:15.723Z
34853,Paule,Sakarya,1,https://placedog.net/640/480?r,15,beyaz,disi,2022-06-06T09:26:15.724Z
34872,Taffy,Erzurum,4,https://placedog.net/640/480?r,10,beyaz,erkek,2022-06-06T09:26:15.724Z
35086,Agnese,Tokat,2,https://placedog.net/640/480?r,12,beyaz,erkek,2022-06-06T09:26:15.726Z
35191,Sabina,Hatay,3,https://placedog.net/640/480?r,11,siyah,erkek,2022-06-06T09:26:15.725Z
35405,Roberta,Kirklareli,4,https://placedog.net/640/480?r,11,sari,erkek,2022-06-06T09:26:15.726Z
35436,Kathi,Edirne,5,https://placedog.net/640/480?r,13,beyaz,erkek,2022-06-06T09:26:15.723Z
35714,Corry,Nigde,3,https://placedog.net/640/480?r,5,kahverengi,disi,2022-06-06T09:26:15.723Z
35739,Queenie,Sivas,4,https://placedog.net/640/480?r,11,siyah,disi,2022-06-06T09:26:15.724Z
35752,Misha,Burdur,3,https://placedog.net/640/480?r,8,kahverengi,erkek,2022-06-06T09:26:15.724Z
35838,Inga,Kirsehir,2,https://placedog.net/640/480?r,6,gri,erkek,2022-06-06T09:26:15.724Z
35919,Bibby,Diyarbakir,5,https://placedog.net/640/480?r,4,gri,erkek,2022-06-06T09:26:15.723Z
35961,Vevay,Sinop,5,https://placedog.net/640/480?r,5,kahverengi,erkek,2022-06-06T09:26:15.722Z
35974,Kenna,Kutahya,5,https://placedog.net/640/480?r,15,siyah,disi,2022-06-06T09:26:15.724Z
35976,Carree,Osmaniye,4,https://placedog.net/640/480?r,3,kahverengi,erkek,2022-06-06T09:26:15.726Z
36046,Corina,Kayseri,2,https://placedog.net/640/480?r,6,kahverengi,erkek,2022-06-06T09:26:15.723Z
36371,Hollie,Sirnak,3,https://placedog.net/640/480?r,14,gri,erkek,2022-06-06T09:26:15.722Z
36519,Kathy,Hatay,1,https://placedog.net/640/480?r,13,beyaz,erkek,2022-06-06T09:26:15.723Z
36602,Elie,Bitlis,5,https://placedog.net/640/480?r,6,gri,erkek,2022-06-06T09:26:15.725Z
36675,Helsa,Kocaeli,1,https://placedog.net/640/480?r,7,kahverengi,erkek,2022-06-06T09:26:15.726Z
36775,Minne,Kirikkale,1,https://placedog.net/640/480?r,1,kahverengi,erkek,2022-06-06T09:26:15.726Z
36885,Arabel,Erzurum,5,https://placedog.net/640/480?r,4,sari,erkek,2022-06-06T09:26:15.722Z
37021,Caressa,Afyon,2,https://placedog.net/640/480?r,15,kahverengi,erkek,2022-06-06T09:26:15.726Z
37075,Sheree,Yozgat,4,https://placedog.net/640/480?r,3,kahverengi,erkek,2022-06-06T09:26:15.724Z
37149,Marinna,Ordu,1,https://placedog.net/640/480?r,1,siyah,erkek,2022-06-06T09:26:15.726Z
37275,Marleah,Mersin,1,https://placedog.net/640/480?r,15,siyah,erkek,2022-06-06T09:26:15.724Z
37317,Yolane,Cankiri,3,https://placedog.net/640/480?r,6,sari,disi,2022-06-06T09:26:15.724Z
37471,Sissy,Kutahya,4,https://placedog.net/640/480?r,8,sari,erkek,2022-06-06T09:26:15.724Z
37675,Elmira,Mardin,4,https://placedog.net/640/480?r,10,kahverengi,erkek,2022-06-06T09:26:15.726Z
37904,Ginnie,Bursa,3,https://placedog.net/640/480?r,5,kahverengi,disi,2022-06-06T09:26:15.724Z
38114,Kimmy,Edirne,5,https://placedog.net/640/480?r,3,kahverengi,disi,2022-06-06T09:26:15.724Z
38148,Kayla,Artvin,5,https://placedog.net/640/480?r,14,siyah,erkek,2022-06-06T09:26:15.723Z
38285,Maryellen,Tekirdag,5,https://placedog.net/640/480?r,1,kahverengi,disi,2022-06-06T09:26:15.725Z
38634,Ardenia,Sanliurfa,4,https://placedog.net/640/480?r,8,siyah,erkek,2022-06-06T09:26:15.726Z
38670,Roseline,Nigde,1,https://placedog.net/640/480?r,15,beyaz,disi,2022-06-06T09:26:15.722Z
38853,Fredericka,Duzce,5,https://placedog.net/640/480?r,6,beyaz,disi,2022-06-06T09:26:15.725Z
38861,Pierette,Mersin,4,https://placedog.net/640/480?r,2,sari,disi,2022-06-06T09:26:15.724Z
39201,Robbi,Bitlis,2,https://placedog.net/640/480?r,8,sari,erkek,2022-06-06T09:26:15.724Z
39334,Ashlee,Duzce,3,https://placedog.net/640/480?r,7,kahverengi,disi,2022-06-06T09:26:15.726Z
39348,Elbertina,Diyarbakir,4,https://placedog.net/640/480?r,1,siyah,erkek,2022-06-06T09:26:15.726Z
39411,Corene,Samsun,3,https://placedog.net/640/480?r,13,kahverengi,erkek,2022-06-06T09:26:15.726Z
39739,Belinda,Corum,3,https://placedog.net/640/480?r,3,siyah,erkek,2022-06-06T09:26:15.724Z
39868,Lonnie,Bingol,5,https://placedog.net/640/480?r,2,beyaz,disi,2022-06-06T09:26:15.722Z
40460,Aurore,Aydin,1,https://placedog.net/640/480?r,9,kahverengi,erkek,2022-06-06T09:26:15.726Z
40465,Sherrie,Bitlis,5,https://placedog.net/640/480?r,13,sari,erkek,2022-06-06T09:26:15.724Z
41068,Stacey,Samsun,5,https://placedog.net/640/480?r,8,siyah,erkek,2022-06-06T09:26:15.723Z
41214,Dale,Sakarya,3,https://placedog.net/640/480?r,14,gri,disi,2022-06-06T09:26:15.722Z
41680,Vevay,Siirt,2,https://placedog.net/640/480?r,15,sari,erkek,2022-06-06T09:26:15.725Z
41843,Josephine,Afyon,3,https://placedog.net/640/480?r,3,kahverengi,disi,2022-06-06T09:26:15.724Z
42186,Keelia,Mardin,3,https://placedog.net/640/480?r,13,sari,erkek,2022-06-06T09:26:15.724Z
42202,Ann-Marie,Nevsehir,4,https://placedog.net/640/480?r,6,kahverengi,erkek,2022-06-06T09:26:15.724Z
42289,Zia,Edirne,3,https://placedog.net/640/480?r,1,sari,disi,2022-06-06T09:26:15.725Z
42405,Violet,Denizli,1,https://placedog.net/640/480?r,5,siyah,erkek,2022-06-06T09:26:15.726Z
42441,Amara,Kars,5,https://placedog.net/640/480?r,14,kahverengi,disi,2022-06-06T09:26:15.726Z
42630,Esmeralda,Bolu,4,https://placedog.net/640/480?r,2,gri,erkek,2022-06-06T09:26:15.723Z
42989,Helsa,Isparta,3,https://placedog.net/640/480?r,11,gri,disi,2022-06-06T09:26:15.725Z
43087,Maye,Sakarya,1,https://placedog.net/640/480?r,1,sari,erkek,2022-06-06T09:26:15.724Z
43296,Viki,Sivas,5,https://placedog.net/640/480?r,10,beyaz,erkek,2022-06-06T09:26:15.722Z
43368,Rayna,Bayburt,2,https://placedog.net/640/480?r,10,beyaz,disi,2022-06-06T09:26:15.725Z
43420,Vevay,Duzce,3,https://placedog.net/640/480?r,12,beyaz,erkek,2022-06-06T09:26:15.722Z
43780,Oralee,Aydin,3,https://placedog.net/640/480?r,13,beyaz,disi,2022-06-06T09:26:15.721Z
43923,Pollyanna,Burdur,4,https://placedog.net/640/480?r,10,siyah,erkek,2022-06-06T09:26:15.726Z
43955,Sashenka,Istanbul,3,https://placedog.net/640/480?r,3,sari,disi,2022-06-06T09:26:15.725Z
44030,Zsa Zsa,Elazig,1,https://placedog.net/640/480?r,8,kahverengi,disi,2022-06-06T09:26:15.724Z
44289,Lanae,Burdur,2,https://placedog.net/640/480?r,8,siyah,disi,2022-06-06T09:26:15.723Z
44544,Catrina,Kirklareli,1,https://placedog.net/640/480?r,4,kahverengi,erkek,2022-06-06T09:26:15.723Z
44754,Sabina,Kayseri,5,https://placedog.net/640/480?r,3,beyaz,erkek,2022-06-06T09:26:15.725Z
44916,Merry,Kayseri,3,https://placedog.net/640/480?r,6,beyaz,disi,2022-06-06T09:26:15.727Z
45029,Candy,Giresun,3,https://placedog.net/640/480?r,12,gri,erkek,2022-06-06T09:26:15.721Z
45136,Caressa,Isparta,5,https://placedog.net/640/480?r,9,siyah,erkek,2022-06-06T09:26:15.722Z
45189,Blinni,Kirsehir,4,https://placedog.net/640/480?r,5,kahverengi,disi,2022-06-06T09:26:15.725Z
45419,Gratia,Mardin,2,https://placedog.net/640/480?r,9,sari,disi,2022-06-06T09:26:15.726Z
45649,Jean,Kutahya,2,https://placedog.net/640/480?r,11,siyah,disi,2022-06-06T09:26:15.723Z
45876,Candi,Yozgat,3,https://placedog.net/640/480?r,14,gri,erkek,2022-06-06T09:26:15.724Z
45947,Annora,Yalova,5,https://placedog.net/640/480?r,4,siyah,erkek,2022-06-06T09:26:15.722Z
46079,Pearline,Hakkari,4,https://placedog.net/640/480?r,12,gri,erkek,2022-06-06T09:26:15.726Z
46331,Eugine,Kutahya,3,https://placedog.net/640/480?r,15,gri,erkek,2022-06-06T09:26:15.723Z
46629,Genovera,Erzurum,3,https://placedog.net/640/480?r,14,beyaz,erkek,2022-06-06T09:26:15.726Z
47293,Yetty,Isparta,1,https://placedog.net/640/480?r,1,siyah,disi,2022-06-06T09:26:15.722Z
47416,Ermengarde,Malatya,3,https://placedog.net/640/480?r,4,kahverengi,erkek,2022-06-06T09:26:15.726Z
47591,Lucy,Gumushane,5,https://placedog.net/640/480?r,10,sari,disi,2022-06-06T09:26:15.721Z
47592,Dawn,Mardin,4,https://placedog.net/640/480?r,8,siyah,disi,2022-06-06T09:26:15.725Z
47759,Nanete,Usak,4,https://placedog.net/640/480?r,3,gri,erkek,2022-06-06T09:26:15.726Z
47851,Marguerite,Kastamonu,5,https://placedog.net/640/480?r,3,siyah,disi,2022-06-06T09:26:15.723Z
48062,Zondra,Batman,1,https://placedog.net/640/480?r,5,sari,disi,2022-06-06T09:26:15.721Z
48097,Basia,Afyon,4,https://placedog.net/640/480?r,13,gri,disi,2022-06-06T09:26:15.727Z
48275,Marsiella,Usak,2,https://placedog.net/640/480?r,9,kahverengi,erkek,2022-06-06T09:26:15.722Z
48290,Annora,Trabzon,3,https://placedog.net/640/480?r,6,beyaz,disi,2022-06-06T09:26:15.724Z
48504,Marinna,Siirt,1,https://placedog.net/640/480?r,8,sari,erkek,2022-06-06T09:26:15.725Z
48596,Calla,Bursa,4,https://placedog.net/640/480?r,13,beyaz,disi,2022-06-06T09:26:15.721Z
49553,Madelle,Erzincan,2,https://placedog.net/640/480?r,14,gri,erkek,2022-06-06T09:26:15.721Z
49977,Raf,Bilecik,4,https://placedog.net/640/480?r,13,beyaz,erkek,2022-06-06T09:26:15.726Z
50047,Cindelyn,Mardin,2,https://placedog.net/640/480?r,15,kahverengi,disi,2022-06-06T09:26:15.722Z
50333,Olivette,Manisa,4,https://placedog.net/640/480?r,13,sari,erkek,2022-06-06T09:26:15.723Z
50408,Fanny,Afyon,3,https://placedog.net/640/480?r,8,siyah,disi,2022-06-06T09:26:15.725Z
50810,Lonnie,Hatay,2,https://placedog.net/640/480?r,6,siyah,erkek,2022-06-06T09:26:15.725Z
50906,Candy,Osmaniye,5,https://placedog.net/640/480?r,10,gri,erkek,2022-06-06T09:26:15.721Z
50963,Maud,Adana,3,https://placedog.net/640/480?r,10,beyaz,erkek,2022-06-06T09:26:15.727Z
50965,Carree,Kocaeli,1,https://placedog.net/640/480?r,9,sari,erkek,2022-06-06T09:26:15.725Z
51423,Grier,Siirt,2,https://placedog.net/640/480?r,3,kahverengi,disi,2022-06-06T09:26:15.724Z
51557,Sharlene,Sivas,4,https://placedog.net/640/480?r,13,siyah,disi,2022-06-06T09:26:15.725Z
51862,Grier,Sanliurfa,2,https://placedog.net/640/480?r,4,siyah,erkek,2022-06-06T09:26:15.724Z
52275,Althea,Zonguldak,1,https://placedog.net/640/480?r,5,siyah,disi,2022-06-06T09:26:15.727Z
52896,Brianna,Malatya,1,https://placedog.net/640/480?r,6,kahverengi,erkek,2022-06-06T09:26:15.723Z
52967,Jan,Aydin,1,https://placedog.net/640/480?r,14,siyah,erkek,2022-06-06T09:26:15.723Z
53269,Philis,Nevsehir,5,https://placedog.net/640/480?r,15,kahverengi,erkek,2022-06-06T09:26:15.721Z
53294,Ottilie,Ankara,3,https://placedog.net/640/480?r,12,beyaz,disi,2022-06-06T09:26:15.726Z
53546,Alleen,Denizli,2,https://placedog.net/640/480?r,2,sari,erkek,2022-06-06T09:26:15.725Z
54025,Dennie,Ankara,4,https://placedog.net/640/480?r,15,sari,disi,2022-06-06T09:26:15.724Z
54119,Valli,Adiyaman,4,https://placedog.net/640/480?r,6,sari,erkek,2022-06-06T09:26:15.724Z
54483,Elbertina,Sivas,5,https://placedog.net/640/480?r,7,siyah,disi,2022-06-06T09:26:15.726Z
54820,Sharai,Kirikkale,2,https://placedog.net/640/480?r,5,siyah,erkek,2022-06-06T09:26:15.722Z
55256,Roseline,Gumushane,1,https://placedog.net/640/480?r,15,gri,disi,2022-06-06T09:26:15.726Z
55346,Christal,Canakkale,2,https://placedog.net/640/480?r,15,siyah,disi,2022-06-06T09:26:15.726Z
55403,Ketti,Usak,4,https://placedog.net/640/480?r,12,kahverengi,disi,2022-06-06T09:26:15.721Z
55615,Maridel,Burdur,2,https://placedog.net/640/480?r,5,gri,disi,2022-06-06T09:26:15.723Z
55667,Darci,Bilecik,1,https://placedog.net/640/480?r,11,gri,erkek,2022-06-06T09:26:15.724Z
55942,Alia,Siirt,3,https://placedog.net/640/480?r,1,sari,disi,2022-06-06T09:26:15.721Z
55952,Reeba,Rize,4,https://placedog.net/640/480?r,10,gri,erkek,2022-06-06T09:26:15.725Z
56267,Raf,Kocaeli,5,https://placedog.net/640/480?r,8,siyah,erkek,2022-06-06T09:26:15.721Z
56362,Zsa Zsa,Kirsehir,1,https://placedog.net/640/480?r,11,siyah,disi,2022-06-06T09:26:15.725Z
56904,Shirlee,Ordu,1,https://placedog.net/640/480?r,5,beyaz,disi,2022-06-06T09:26:15.725Z
56998,Mignon,Hakkari,3,https://placedog.net/640/480?r,12,sari,disi,2022-06-06T09:26:15.726Z
57141,Calla,Usak,2,https://placedog.net/640/480?r,12,gri,erkek,2022-06-06T09:26:15.725Z
57385,Emma,Antalya,2,https://placedog.net/640/480?r,12,kahverengi,erkek,2022-06-06T09:26:15.726Z
57466,Catharine,Ordu,1,https://placedog.net/640/480?r,11,gri,disi,2022-06-06T09:26:15.726Z
58042,Harmonia,Malatya,2,https://placedog.net/640/480?r,7,gri,erkek,2022-06-06T09:26:15.722Z
58046,Mariann,Mersin,4,https://placedog.net/640/480?r,8,gri,disi,2022-06-06T09:26:15.726Z
58101,Sissy,Kirklareli,2,https://placedog.net/640/480?r,13,beyaz,erkek,2022-06-06T09:26:15.721Z
58137,Zia,Gumushane,5,https://placedog.net/640/480?r,14,siyah,erkek,2022-06-06T09:26:15.723Z
58148,Latisha,Karabuk,1,https://placedog.net/640/480?r,8,siyah,disi,2022-06-06T09:26:15.723Z
58196,Nataline,Sivas,2,https://placedog.net/640/480?r,8,kahverengi,erkek,2022-06-06T09:26:15.723Z
58238,Gretal,Mardin,3,https://placedog.net/640/480?r,9,sari,disi,2022-06-06T09:26:15.722Z
58622,Elyssa,Agri,1,https://placedog.net/640/480?r,3,kahverengi,erkek,2022-06-06T09:26:15.722Z
58720,Blake,Eskisehir,3,https://placedog.net/640/480?r,9,gri,disi,2022-06-06T09:26:15.721Z
58982,Florencia,Diyarbakir,3,https://placedog.net/640/480?r,4,kahverengi,erkek,2022-06-06T09:26:15.726Z
59184,Mireielle,Elazig,2,https://placedog.net/640/480?r,3,gri,disi,2022-06-06T09:26:15.725Z
59192,Judy,Kars,2,https://placedog.net/640/480?r,10,beyaz,disi,2022-06-06T09:26:15.726Z
59193,Courtnay,Adana,1,https://placedog.net/640/480?r,1,sari,erkek,2022-06-06T09:26:15.723Z
59249,Larine,Osmaniye,4,https://placedog.net/640/480?r,3,beyaz,erkek,2022-06-06T09:26:15.722Z
59612,Maryellen,Isparta,5,https://placedog.net/640/480?r,13,sari,erkek,2022-06-06T09:26:15.726Z
59873,Sibella,Amasya,5,https://placedog.net/640/480?r,7,kahverengi,disi,2022-06-06T09:26:15.725Z
59925,Ebonee,Sinop,1,https://placedog.net/640/480?r,12,kahverengi,disi,2022-06-06T09:26:15.723Z
60029,Dulcinea,Yozgat,3,https://placedog.net/640/480?r,15,gri,erkek,2022-06-06T09:26:15.726Z
60215,Angela,Tokat,3,https://placedog.net/640/480?r,4,siyah,disi,2022-06-06T09:26:15.725Z
61273,Johna,Adiyaman,5,https://placedog.net/640/480?r,7,gri,erkek,2022-06-06T09:26:15.723Z
61316,Fina,Kilis,5,https://placedog.net/640/480?r,13,beyaz,erkek,2022-06-06T09:26:15.722Z
61577,Catharine,Agri,1,https://placedog.net/640/480?r,6,sari,erkek,2022-06-06T09:26:15.726Z
61865,Natka,Mugla,1,https://placedog.net/640/480?r,8,siyah,erkek,2022-06-06T09:26:15.724Z
61964,Robinia,Eskisehir,1,https://placedog.net/640/480?r,5,kahverengi,disi,2022-06-06T09:26:15.725Z
62113,Rani,Kayseri,3,https://placedog.net/640/480?r,4,gri,disi,2022-06-06T09:26:15.726Z
62508,Linet,Nigde,3,https://placedog.net/640/480?r,8,sari,disi,2022-06-06T09:26:15.726Z
62849,Starla,Adana,4,https://placedog.net/640/480?r,2,beyaz,erkek,2022-06-06T09:26:15.724Z
63246,Gilligan,Isparta,4,https://placedog.net/640/480?r,2,kahverengi,erkek,2022-06-06T09:26:15.722Z
63627,Gerianna,Hatay,1,https://placedog.net/640/480?r,7,siyah,erkek,2022-06-06T09:26:15.726Z
63888,Shell,Kastamonu,4,https://placedog.net/640/480?r,1,kahverengi,disi,2022-06-06T09:26:15.724Z
63993,Fayre,Corum,3,https://placedog.net/640/480?r,13,gri,disi,2022-06-06T09:26:15.726Z
64715,Blake,Bartin,4,https://placedog.net/640/480?r,9,kahverengi,erkek,2022-06-06T09:26:15.722Z
64783,Fawne,Van,2,https://placedog.net/640/480?r,2,gri,erkek,2022-06-06T09:26:15.725Z
64848,Babita,Sanliurfa,4,https://placedog.net/640/480?r,6,siyah,disi,2022-06-06T09:26:15.724Z
64896,Gale,Sakarya,2,https://placedog.net/640/480?r,4,kahverengi,disi,2022-06-06T09:26:15.722Z
64925,Tera,Giresun,2,https://placedog.net/640/480?r,11,siyah,disi,2022-06-06T09:26:15.723Z
65053,Dyann,Nevsehir,2,https://placedog.net/640/480?r,7,sari,disi,2022-06-06T09:26:15.722Z
65218,Jobi,Cankiri,1,https://placedog.net/640/480?r,8,siyah,erkek,2022-06-06T09:26:15.724Z
65352,Vivia,Manisa,4,https://placedog.net/640/480?r,9,siyah,erkek,2022-06-06T09:26:15.722Z
65672,Glenda,Adiyaman,3,https://placedog.net/640/480?r,2,gri,erkek,2022-06-06T09:26:15.722Z
66005,Dede,Izmir,2,https://placedog.net/640/480?r,10,kahverengi,erkek,2022-06-06T09:26:15.725Z
66021,Cassondra,Rize,5,https://placedog.net/640/480?r,2,kahverengi,disi,2022-06-06T09:26:15.724Z
66048,Karolina,Van,1,https://placedog.net/640/480?r,7,siyah,disi,2022-06-06T09:26:15.726Z
66090,Binny,Hakkari,2,https://placedog.net/640/480?r,6,siyah,erkek,2022-06-06T09:26:15.723Z
66163,Deloria,Burdur,1,https://placedog.net/640/480?r,5,kahverengi,disi,2022-06-06T09:26:15.726Z
66462,Johna,Hakkari,5,https://placedog.net/640/480?r,1,beyaz,erkek,2022-06-06T09:26:15.722Z
66482,Orsola,Yalova,2,https://placedog.net/640/480?r,13,siyah,disi,2022-06-06T09:26:15.725Z
66575,Netty,Kastamonu,4,https://placedog.net/640/480?r,1,beyaz,disi,2022-06-06T09:26:15.726Z
66985,Malina,Gumushane,1,https://placedog.net/640/480?r,2,siyah,disi,2022-06-06T09:26:15.725Z
67280,Katharina,Erzurum,4,https://placedog.net/640/480?r,2,siyah,disi,2022-06-06T09:26:15.721Z
67556,Gratia,Mus,2,https://placedog.net/640/480?r,15,beyaz,disi,2022-06-06T09:26:15.726Z
67653,Sharlene,Denizli,4,https://placedog.net/640/480?r,9,beyaz,disi,2022-06-06T09:26:15.726Z
68075,Marika,Manisa,4,https://placedog.net/640/480?r,14,beyaz,erkek,2022-06-06T09:26:15.724Z
68078,Shaylyn,Usak,5,https://placedog.net/640/480?r,2,sari,disi,2022-06-06T09:26:15.724Z
68479,Lelah,Hatay,1,https://placedog.net/640/480?r,7,kahverengi,disi,2022-06-06T09:26:15.724Z
68677,Elena,Bursa,4,https://placedog.net/640/480?r,4,siyah,disi,2022-06-06T09:26:15.726Z
68756,Julieta,Kocaeli,3,https://placedog.net/640/480?r,12,siyah,erkek,2022-06-06T09:26:15.726Z
68813,Flo,Agri,5,https://placedog.net/640/480?r,10,beyaz,erkek,2022-06-06T09:26:15.723Z
68904,Gwyneth,Canakkale,1,https://placedog.net/640/480?r,1,siyah,erkek,2022-06-06T09:26:15.723Z
68944,Jordan,Duzce,1,https://placedog.net/640/480?r,8,beyaz,erkek,2022-06-06T09:26:15.726Z
69269,Aubrie,Yalova,2,https://placedog.net/640/480?r,9,kahverengi,erkek,2022-06-06T09:26:15.725Z
69318,Petronia,Izmir,4,https://placedog.net/640/480?r,4,siyah,erkek,2022-06-06T09:26:15.723Z
69374,Sam,Bingol,3,https://placedog.net/640/480?r,11,kahverengi,disi,2022-06-06T09:26:15.722Z
69504,Dyann,Adiyaman,2,https://placedog.net/640/480?r,14,sari,disi,2022-06-06T09:26:15.725Z
69508,Leanna,Malatya,1,https://placedog.net/640/480?r,3,sari,erkek,2022-06-06T09:26:15.725Z
70018,Hope,Hakkari,1,https://placedog.net/640/480?r,15,siyah,erkek,2022-06-06T09:26:15.720Z
70022,Joeann,Adiyaman,3,https://placedog.net/640/480?r,7,siyah,erkek,2022-06-06T09:26:15.721Z
70157,Silvana,Tokat,1,https://placedog.net/640/480?r,13,siyah,erkek,2022-06-06T09:26:15.724Z
70171,Noelle,Bilecik,3,https://placedog.net/640/480?r,14,sari,erkek,2022-06-06T09:26:15.726Z
70385,Marcy,Duzce,4,https://placedog.net/640/480?r,11,siyah,disi,2022-06-06T09:26:15.723Z
70448,Maridel,Kocaeli,3,https://placedog.net/640/480?r,3,siyah,disi,2022-06-06T09:26:15.723Z
70644,Thalia,Kirsehir,2,https://placedog.net/640/480?r,11,gri,erkek,2022-06-06T09:26:15.723Z
70842,Hyacinthe,Konya,1,https://placedog.net/640/480?r,14,beyaz,erkek,2022-06-06T09:26:15.725Z
71123,Arabel,Ankara,4,https://placedog.net/640/480?r,7,sari,disi,2022-06-06T09:26:15.726Z
71662,Lorenza,Bursa,2,https://placedog.net/640/480?r,9,kahverengi,disi,2022-06-06T09:26:15.723Z
71932,Gloria,Nevsehir,1,https://placedog.net/640/480?r,3,gri,erkek,2022-06-06T09:26:15.726Z
72051,Corry,Antalya,5,https://placedog.net/640/480?r,8,beyaz,erkek,2022-06-06T09:26:15.724Z
72302,Mathilda,Antalya,4,https://placedog.net/640/480?r,4,gri,disi,2022-06-06T09:26:15.724Z
72507,Lilith,Kastamonu,5,https://placedog.net/640/480?r,3,sari,disi,2022-06-06T09:26:15.721Z
72515,Carly,Artvin,4,https://placedog.net/640/480?r,5,kahverengi,erkek,2022-06-06T09:26:15.722Z
72524,Malina,Elazig,5,https://placedog.net/640/480?r,3,kahverengi,erkek,2022-06-06T09:26:15.721Z
72534,Audrie,Bitlis,1,https://placedog.net/640/480?r,13,gri,disi,2022-06-06T09:26:15.721Z
72648,Letizia,Balikesir,1,https://placedog.net/640/480?r,2,beyaz,disi,2022-06-06T09:26:15.722Z
72736,Alex,Hatay,2,https://placedog.net/640/480?r,7,beyaz,erkek,2022-06-06T09:26:15.723Z
72849,Meg,Aksaray,3,https://placedog.net/640/480?r,15,beyaz,erkek,2022-06-06T09:26:15.723Z
72883,Kara-Lynn,Sinop,5,https://placedog.net/640/480?r,4,kahverengi,erkek,2022-06-06T09:26:15.721Z
73231,Ivett,Balikesir,1,https://placedog.net/640/480?r,6,beyaz,disi,2022-06-06T09:26:15.724Z
73609,Annice,Mardin,3,https://placedog.net/640/480?r,11,siyah,disi,2022-06-06T09:26:15.726Z
73644,Konstance,Kirsehir,2,https://placedog.net/640/480?r,1,kahverengi,disi,2022-06-06T09:26:15.723Z
73679,Zaria,Kayseri,5,https://placedog.net/640/480?r,5,sari,erkek,2022-06-06T09:26:15.721Z
73906,Ermengarde,Erzurum,1,https://placedog.net/640/480?r,3,sari,disi,2022-06-06T09:26:15.722Z
74395,Merry,Diyarbakir,2,https://placedog.net/640/480?r,7,sari,erkek,2022-06-06T09:26:15.722Z
74664,Tamqrah,Amasya,3,https://placedog.net/640/480?r,12,kahverengi,erkek,2022-06-06T09:26:15.723Z
74893,Paulita,Tunceli,3,https://placedog.net/640/480?r,9,siyah,erkek,2022-06-06T09:26:15.725Z
75345,Kelly,Edirne,5,https://placedog.net/640/480?r,12,kahverengi,erkek,2022-06-06T09:26:15.722Z
75388,Philis,Van,3,https://placedog.net/640/480?r,1,beyaz,erkek,2022-06-06T09:26:15.724Z
75531,Belva,Diyarbakir,2,https://placedog.net/640/480?r,9,sari,disi,2022-06-06T09:26:15.726Z
75572,Nita,Aksaray,3,https://placedog.net/640/480?r,12,siyah,erkek,2022-06-06T09:26:15.727Z
75821,Catharine,Duzce,1,https://placedog.net/640/480?r,2,kahverengi,erkek,2022-06-06T09:26:15.725Z
76278,Mireielle,Nigde,4,https://placedog.net/640/480?r,15,gri,disi,2022-06-06T09:26:15.726Z
76774,Mellicent,Samsun,2,https://placedog.net/640/480?r,1,siyah,disi,2022-06-06T09:26:15.725Z
77741,Collen,Mardin,5,https://placedog.net/640/480?r,9,kahverengi,disi,2022-06-06T09:26:15.721Z
78056,Aryn,Kilis,3,https://placedog.net/640/480?r,2,beyaz,disi,2022-06-06T09:26:15.726Z
78085,Coral,Kayseri,4,https://placedog.net/640/480?r,11,beyaz,erkek,2022-06-06T09:26:15.722Z
78089,Carly,Mersin,4,https://placedog.net/640/480?r,14,kahverengi,disi,2022-06-06T09:26:15.724Z
78246,Mathilda,Ardahan,4,https://placedog.net/640/480?r,14,sari,erkek,2022-06-06T09:26:15.726Z
78525,Mureil,Mardin,4,https://placedog.net/640/480?r,3,sari,disi,2022-06-06T09:26:15.726Z
78645,Aryn,Izmir,5,https://placedog.net/640/480?r,3,siyah,disi,2022-06-06T09:26:15.722Z
78802,Doralynne,Sanliurfa,3,https://placedog.net/640/480?r,12,gri,erkek,2022-06-06T09:26:15.720Z
78898,Louella,Ordu,5,https://placedog.net/640/480?r,13,sari,erkek,2022-06-06T09:26:15.721Z
79022,Merry,Bayburt,3,https://placedog.net/640/480?r,13,sari,disi,2022-06-06T09:26:15.722Z
79414,Melisent,Kirklareli,4,https://placedog.net/640/480?r,5,kahverengi,erkek,2022-06-06T09:26:15.726Z
80160,Hildegaard,Adana,5,https://placedog.net/640/480?r,9,sari,disi,2022-06-06T09:26:15.721Z
80187,Elfreda,Elazig,5,https://placedog.net/640/480?r,8,siyah,disi,2022-06-06T09:26:15.723Z
80360,Loree,Bitlis,1,https://placedog.net/640/480?r,13,sari,disi,2022-06-06T09:26:15.726Z
80492,Clo,Kutahya,2,https://placedog.net/640/480?r,8,gri,disi,2022-06-06T09:26:15.724Z
80568,Lilith,Trabzon,3,https://placedog.net/640/480?r,12,gri,erkek,2022-06-06T09:26:15.726Z
80820,Gaylene,Kirklareli,4,https://placedog.net/640/480?r,4,kahverengi,disi,2022-06-06T09:26:15.726Z
81424,Candy,Igdir,1,https://placedog.net/640/480?r,6,gri,disi,2022-06-06T09:26:15.725Z
81679,Roslyn,Sirnak,1,https://placedog.net/640/480?r,2,gri,disi,2022-06-06T09:26:15.723Z
81970,Damaris,Mardin,2,https://placedog.net/640/480?r,6,sari,disi,2022-06-06T09:26:15.724Z
82061,Tatiania,Hatay,3,https://placedog.net/640/480?r,13,gri,disi,2022-06-06T09:26:15.726Z
82182,Kassey,Ordu,3,https://placedog.net/640/480?r,4,sari,erkek,2022-06-06T09:26:15.724Z
82277,Gratia,Kirsehir,2,https://placedog.net/640/480?r,12,siyah,disi,2022-06-06T09:26:15.721Z
82349,Vita,Erzincan,5,https://placedog.net/640/480?r,7,gri,disi,2022-06-06T09:26:15.721Z
82513,Pollyanna,Kutahya,4,https://placedog.net/640/480?r,4,kahverengi,erkek,2022-06-06T09:26:15.726Z
82664,Phedra,Kutahya,5,https://placedog.net/640/480?r,6,sari,erkek,2022-06-06T09:26:15.724Z
82786,Veda,Yozgat,1,https://placedog.net/640/480?r,9,siyah,disi,2022-06-06T09:26:15.724Z
82923,Priscilla,Batman,1,https://placedog.net/640/480?r,5,kahverengi,erkek,2022-06-06T09:26:15.724Z
82944,Vinita,Bayburt,2,https://placedog.net/640/480?r,8,kahverengi,disi,2022-06-06T09:26:15.724Z
83073,Asia,Kilis,3,https://placedog.net/640/480?r,11,siyah,disi,2022-06-06T09:26:15.725Z
83445,Raf,Yozgat,5,https://placedog.net/640/480?r,5,sari,erkek,2022-06-06T09:26:15.724Z
83509,Aryn,Balikesir,4,https://placedog.net/640/480?r,5,beyaz,disi,2022-06-06T09:26:15.725Z
83737,Gianina,Yozgat,3,https://placedog.net/640/480?r,8,gri,erkek,2022-06-06T09:26:15.721Z
83942,Rivalee,Sivas,4,https://placedog.net/640/480?r,5,beyaz,erkek,2022-06-06T09:26:15.725Z
84009,Leeanne,Elazig,2,https://placedog.net/640/480?r,12,beyaz,erkek,2022-06-06T09:26:15.726Z
84498,Millie,Denizli,2,https://placedog.net/640/480?r,3,beyaz,disi,2022-06-06T09:26:15.725Z
84581,Tobe,Edirne,3,https://placedog.net/640/480?r,3,kahverengi,erkek,2022-06-06T09:26:15.725Z
84757,Annabela,Sivas,5,https://placedog.net/640/480?r,11,sari,disi,2022-06-06T09:26:15.723Z
84760,Latisha,Bursa,1,https://placedog.net/640/480?r,15,sari,disi,2022-06-06T09:26:15.722Z
84972,Ardeen,Zonguldak,4,https://placedog.net/640/480?r,5,gri,erkek,2022-06-06T09:26:15.721Z
85203,Amelia,Yozgat,2,https://placedog.net/640/480?r,9,siyah,erkek,2022-06-06T09:26:15.721Z
85464,Mahalia,Igdir,4,https://placedog.net/640/480?r,15,gri,disi,2022-06-06T09:26:15.721Z
85579,Hermione,Isparta,3,https://placedog.net/640/480?r,4,beyaz,disi,2022-06-06T09:26:15.725Z
86191,Beverley,Kirikkale,4,https://placedog.net/640/480?r,10,beyaz,erkek,2022-06-06T09:26:15.725Z
86400,Belva,Eskisehir,4,https://placedog.net/640/480?r,5,sari,disi,2022-06-06T09:26:15.726Z
86521,Monika,Tunceli,4,https://placedog.net/640/480?r,9,beyaz,erkek,2022-06-06T09:26:15.725Z
86634,Dale,Sanliurfa,1,https://placedog.net/640/480?r,14,siyah,erkek,2022-06-06T09:26:15.722Z
87772,Janis,Yozgat,5,https://placedog.net/640/480?r,6,gri,erkek,2022-06-06T09:26:15.722Z
87843,Angela,Kirsehir,3,https://placedog.net/640/480?r,6,beyaz,disi,2022-06-06T09:26:15.723Z
87851,Teriann,Kayseri,2,https://placedog.net/640/480?r,9,gri,disi,2022-06-06T09:26:15.722Z
87877,Sharai,Batman,4,https://placedog.net/640/480?r,11,gri,disi,2022-06-06T09:26:15.723Z
88123,Veda,Cankiri,2,https://placedog.net/640/480?r,12,gri,disi,2022-06-06T09:26:15.721Z
88262,Tarra,Sanliurfa,4,https://placedog.net/640/480?r,2,beyaz,disi,2022-06-06T09:26:15.724Z
88410,Shell,Agri,3,https://placedog.net/640/480?r,7,beyaz,erkek,2022-06-06T09:26:15.726Z
88553,Christy,Bolu,5,https://placedog.net/640/480?r,13,gri,disi,2022-06-06T09:26:15.721Z
88748,Lila,Malatya,1,https://placedog.net/640/480?r,4,siyah,erkek,2022-06-06T09:26:15.726Z
89701,Babita,Ordu,3,https://placedog.net/640/480?r,6,gri,erkek,2022-06-06T09:26:15.724Z
89720,Benita,Aksaray,2,https://placedog.net/640/480?r,2,siyah,erkek,2022-06-06T09:26:15.721Z
89720,Edyth,Bartin,5,https://placedog.net/640/480?r,5,kahverengi,disi,2022-06-06T09:26:15.726Z
90169,Aurore,Bilecik,2,https://placedog.net/640/480?r,3,beyaz,disi,2022-06-06T09:26:15.725Z
90189,Alexine,Usak,1,https://placedog.net/640/480?r,3,beyaz,erkek,2022-06-06T09:26:15.726Z
90238,Corina,Manisa,4,https://placedog.net/640/480?r,7,kahverengi,erkek,2022-06-06T09:26:15.722Z
90269,Bee,Tokat,3,https://placedog.net/640/480?r,9,kahverengi,disi,2022-06-06T09:26:15.724Z
90317,Dorothy,Mardin,3,https://placedog.net/640/480?r,13,gri,erkek,2022-06-06T09:26:15.723Z
90511,Dolli,Hakkari,5,https://placedog.net/640/480?r,14,siyah,erkek,2022-06-06T09:26:15.725Z
90705,Willetta,Samsun,5,https://placedog.net/640/480?r,14,siyah,erkek,2022-06-06T09:26:15.723Z
90916,Hildegaard,Antalya,4,https://placedog.net/640/480?r,6,siyah,erkek,2022-06-06T09:26:15.726Z
91153,Gabi,Eskisehir,2,https://placedog.net/640/480?r,12,sari,disi,2022-06-06T09:26:15.721Z
91266,Marinna,Karaman,5,https://placedog.net/640/480?r,9,siyah,disi,2022-06-06T09:26:15.723Z
91398,Hyacinthe,Mersin,2,https://placedog.net/640/480?r,8,gri,disi,2022-06-06T09:26:15.726Z
91543,Lelah,Kirklareli,2,https://placedog.net/640/480?r,8,siyah,erkek,2022-06-06T09:26:15.723Z
91978,Dorene,Sakarya,1,https://placedog.net/640/480?r,9,beyaz,disi,2022-06-06T09:26:15.723Z
92106,Maisey,Samsun,4,https://placedog.net/640/480?r,1,kahverengi,erkek,2022-06-06T09:26:15.726Z
92907,Karena,Mardin,1,https://placedog.net/640/480?r,3,gri,erkek,2022-06-06T09:26:15.721Z
93168,Albertina,Giresun,2,https://placedog.net/640/480?r,14,kahverengi,erkek,2022-06-06T09:26:15.726Z
93400,Latisha,Adana,5,https://placedog.net/640/480?r,8,siyah,disi,2022-06-06T09:26:15.726Z
93487,Nariko,Van,3,https://placedog.net/640/480?r,10,siyah,erkek,2022-06-06T09:26:15.725Z
93885,Fredericka,Duzce,5,https://placedog.net/640/480?r,7,gri,disi,2022-06-06T09:26:15.722Z
94094,Benita,Konya,3,https://placedog.net/640/480?r,13,beyaz,disi,2022-06-06T09:26:15.722Z
94242,Gloria,Ankara,2,https://placedog.net/640/480?r,6,beyaz,erkek,2022-06-06T09:26:15.725Z
94523,Christy,Bartin,3,https://placedog.net/640/480?r,9,gri,disi,2022-06-06T09:26:15.724Z
94896,Fredericka,Bolu,5,https://placedog.net/640/480?r,13,gri,erkek,2022-06-06T09:26:15.722Z
95401,Grier,Manisa,3,https://placedog.net/640/480?r,6,kahverengi,disi,2022-06-06T09:26:15.723Z
95532,Rosene,Aksaray,4,https://placedog.net/640/480?r,6,sari,disi,2022-06-06T09:26:15.724Z
95584,Justinn,Sivas,5,https://placedog.net/640/480?r,9,sari,disi,2022-06-06T09:26:15.726Z
95755,Asia,Kahramanmaras,3,https://placedog.net/640/480?r,1,siyah,erkek,2022-06-06T09:26:15.722Z
96260,Eadie,Kirklareli,2,https://placedog.net/640/480?r,10,sari,erkek,2022-06-06T09:26:15.724Z
96428,Dorothy,Istanbul,1,https://placedog.net/640/480?r,11,gri,disi,2022-06-06T09:26:15.726Z
96435,Janeczka,Kirsehir,5,https://placedog.net/640/480?r,8,sari,erkek,2022-06-06T09:26:15.725Z
96846,Lita,Kutahya,4,https://placedog.net/640/480?r,7,sari,erkek,2022-06-06T09:26:15.726Z
97099,Miquela,Manisa,4,https://placedog.net/640/480?r,5,siyah,erkek,2022-06-06T09:26:15.722Z
97131,Margalo,Kirklareli,1,https://placedog.net/640/480?r,1,beyaz,disi,2022-06-06T09:26:15.722Z
97184,Lita,Erzincan,2,https://placedog.net/640/480?r,3,sari,disi,2022-06-06T09:26:15.722Z
97470,Tami,Elazig,2,https://placedog.net/640/480?r,3,gri,disi,2022-06-06T09:26:15.725Z
97511,Nannie,Batman,5,https://placedog.net/640/480?r,2,siyah,erkek,2022-06-06T09:26:15.722Z
97691,Margette,Eskisehir,2,https://placedog.net/640/480?r,10,siyah,erkek,2022-06-06T09:26:15.724Z
97820,Babita,Nevsehir,5,https://placedog.net/640/480?r,12,beyaz,erkek,2022-06-06T09:26:15.725Z
98045,Renae,Kirklareli,1,https://placedog.net/640/480?r,6,sari,disi,2022-06-06T09:26:15.722Z
98238,Mildrid,Usak,3,https://placedog.net/640/480?r,14,kahverengi,disi,2022-06-06T09:26:15.722Z
98989,Devina,Kilis,3,https://placedog.net/640/480?r,3,siyah,disi,2022-06-06T09:26:15.726Z
99174,Phylis,Izmir,2,https://placedog.net/640/480?r,3,gri,disi,2022-06-06T09:26:15.722Z
99908,Quintina,Bitlis,5,https://placedog.net/640/480?r,7,beyaz,erkek,2022-06-06T09:26:15.723Z
99923,Bobinette,Denizli,1,https://placedog.net/640/480?r,7,kahverengi,erkek,2022-06-06T09:26:15.725Z
100225,Lindie,Yozgat,3,https://placedog.net/640/480?r,1,siyah,disi,2022-06-06T09:26:15.724Z
100274,Tina,Corum,4,https://placedog.net/640/480?r,5,kahverengi,erkek,2022-06-06T09:26:15.726Z
100441,Kaja,Izmir,1,https://placedog.net/640/480?r,5,beyaz,erkek,2022-06-06T09:26:15.721Z
100686,Sadie,Ordu,3,https://placedog.net/640/480?r,1,kahverengi,disi,2022-06-06T09:26:15.723Z
101358,Jaime,Eskisehir,5,https://placedog.net/640/480?r,12,beyaz,erkek,2022-06-06T09:26:15.724Z
101362,Adriana,Aksaray,1,https://placedog.net/640/480?r,15,kahverengi,erkek,2022-06-06T09:26:15.723Z
101921,Chere,Bartin,1,https://placedog.net/640/480?r,6,siyah,erkek,2022-06-06T09:26:15.721Z
101951,Selia,Tunceli,1,https://placedog.net/640/480?r,14,kahverengi,erkek,2022-06-06T09:26:15.726Z
101979,Lexine,Amasya,5,https://placedog.net/640/480?r,11,sari,erkek,2022-06-06T09:26:15.725Z
102203,Fawne,Kars,2,https://placedog.net/640/480?r,1,beyaz,disi,2022-06-06T09:26:15.726Z
102473,Teriann,Agri,2,https://placedog.net/640/480?r,13,siyah,disi,2022-06-06T09:26:15.726Z
102802,Teriann,Sivas,5,https://placedog.net/640/480?r,4,gri,erkek,2022-06-06T09:26:15.722Z
102807,Sheree,Trabzon,4,https://placedog.net/640/480?r,7,sari,disi,2022-06-06T09:26:15.721Z
102966,Deloria,Yozgat,4,https://placedog.net/640/480?r,9,sari,disi,2022-06-06T09:26:15.723Z
103033,Sean,Sinop,2,https://placedog.net/640/480?r,5,gri,erkek,2022-06-06T09:26:15.722Z
103482,Corry,Edirne,4,https://placedog.net/640/480?r,1,beyaz,disi,2022-06-06T09:26:15.722Z
103566,Gusty,Mersin,3,https://placedog.net/640/480?r,10,kahverengi,disi,2022-06-06T09:26:15.722Z
103598,Kellen,Aksaray,3,https://placedog.net/640/480?r,9,gri,erkek,2022-06-06T09:26:15.724Z
103752,Eve,Kars,2,https://placedog.net/640/480?r,6,gri,erkek,2022-06-06T09:26:15.721Z
103784,Dennie,Edirne,4,https://placedog.net/640/480?r,3,beyaz,disi,2022-06-06T09:26:15.725Z
103819,Blinni,Kutahya,4,https://placedog.net/640/480?r,2,siyah,disi,2022-06-06T09:26:15.724Z
103876,Adore,Sivas,3,https://placedog.net/640/480?r,2,siyah,erkek,2022-06-06T09:26:15.722Z
103943,Nollie,Isparta,2,https://placedog.net/640/480?r,10,siyah,disi,2022-06-06T09:26:15.723Z
104151,Monika,Edirne,4,https://placedog.net/640/480?r,1,kahverengi,erkek,2022-06-06T09:26:15.725Z
104160,Barbara,Yozgat,3,https://placedog.net/640/480?r,1,kahverengi,disi,2022-06-06T09:26:15.721Z
104172,Lily,Aksaray,3,https://placedog.net/640/480?r,15,gri,erkek,2022-06-06T09:26:15.723Z
104338,Kamilah,Mugla,3,https://placedog.net/640/480?r,5,siyah,disi,2022-06-06T09:26:15.725Z
104702,Fina,Duzce,2,https://placedog.net/640/480?r,4,kahverengi,disi,2022-06-06T09:26:15.725Z
104967,Linzy,Ankara,5,https://placedog.net/640/480?r,4,gri,erkek,2022-06-06T09:26:15.722Z
105000,Demetris,Igdir,4,https://placedog.net/640/480?r,9,sari,disi,2022-06-06T09:26:15.723Z
105142,Jacenta,Amasya,3,https://placedog.net/640/480?r,12,beyaz,erkek,2022-06-06T09:26:15.725Z
105295,Chickie,Isparta,3,https://placedog.net/640/480?r,11,gri,disi,2022-06-06T09:26:15.722Z
105386,Emilia,Sirnak,4,https://placedog.net/640/480?r,3,sari,erkek,2022-06-06T09:26:15.722Z
105396,Maridel,Adiyaman,3,https://placedog.net/640/480?r,2,beyaz,disi,2022-06-06T09:26:15.723Z
105810,Robinia,Bingol,3,https://placedog.net/640/480?r,3,siyah,erkek,2022-06-06T09:26:15.723Z
106158,Zondra,Sivas,5,https://placedog.net/640/480?r,2,siyah,erkek,2022-06-06T09:26:15.722Z
106256,Candi,Karaman,4,https://placedog.net/640/480?r,2,siyah,disi,2022-06-06T09:26:15.723Z
106506,Nananne,Antalya,2,https://placedog.net/640/480?r,2,sari,erkek,2022-06-06T09:26:15.725Z
106513,Gwenneth,Corum,3,https://placedog.net/640/480?r,7,kahverengi,disi,2022-06-06T09:26:15.723Z
107132,Frances,Osmaniye,3,https://placedog.net/640/480?r,15,sari,erkek,2022-06-06T09:26:15.727Z
107152,Liana,Gumushane,1,https://placedog.net/640/480?r,2,gri,disi,2022-06-06T09:26:15.722Z
107348,Lanna,Konya,3,https://placedog.net/640/480?r,7,gri,disi,2022-06-06T09:26:15.724Z
108058,Leontine,Adiyaman,3,https://placedog.net/640/480?r,1,gri,erkek,2022-06-06T09:26:15.723Z
108100,Jean,Diyarbakir,3,https://placedog.net/640/480?r,9,beyaz,erkek,2022-06-06T09:26:15.724Z
108231,Gianina,Bartin,2,https://placedog.net/640/480?r,1,beyaz,disi,2022-06-06T09:26:15.722Z
108247,Sallie,Malatya,5,https://placedog.net/640/480?r,4,beyaz,erkek,2022-06-06T09:26:15.724Z
108292,Amelia,Artvin,1,https://placedog.net/640/480?r,5,sari,erkek,2022-06-06T09:26:15.726Z
108463,Gaylene,Bitlis,1,https://placedog.net/640/480?r,4,kahverengi,disi,2022-06-06T09:26:15.723Z
108540,Elyssa,Balikesir,5,https://placedog.net/640/480?r,14,gri,erkek,2022-06-06T09:26:15.721Z
108569,Vita,Gumushane,2,https://placedog.net/640/480?r,13,sari,disi,2022-06-06T09:26:15.723Z
108635,Therine,Denizli,2,https://placedog.net/640/480?r,9,kahverengi,erkek,2022-06-06T09:26:15.726Z
108653,Elyssa,Kars,3,https://placedog.net/640/480?r,4,siyah,erkek,2022-06-06T09:26:15.725Z
108733,Laure,Bayburt,2,https://placedog.net/640/480?r,8,gri,erkek,2022-06-06T09:26:15.725Z
108824,Marylou,Mugla,4,https://placedog.net/640/480?r,12,gri,erkek,2022-06-06T09:26:15.723Z
109049,Rosabelle,Sivas,2,https://placedog.net/640/480?r,2,siyah,erkek,2022-06-06T09:26:15.723Z
109290,Gwenneth,Kilis,4,https://placedog.net/640/480?r,7,gri,disi,2022-06-06T09:26:15.722Z
109714,Sybille,Osmaniye,4,https://placedog.net/640/480?r,1,siyah,disi,2022-06-06T09:26:15.725Z
110009,Lacie,Erzurum,4,https://placedog.net/640/480?r,8,siyah,disi,2022-06-06T09:26:15.723Z
110418,Mariann,Tunceli,4,https://placedog.net/640/480?r,13,sari,erkek,2022-06-06T09:26:15.724Z
110439,Fina,Aydin,1,https://placedog.net/640/480?r,3,siyah,erkek,2022-06-06T09:26:15.725Z
110663,Lorne,Yalova,3,https://placedog.net/640/480?r,15,kahverengi,erkek,2022-06-06T09:26:15.726Z
110744,Kelly,Bayburt,1,https://placedog.net/640/480?r,5,sari,disi,2022-06-06T09:26:15.726Z
111315,Beth,Adiyaman,3,https://placedog.net/640/480?r,8,siyah,disi,2022-06-06T09:26:15.726Z
111465,Millie,Manisa,2,https://placedog.net/640/480?r,5,sari,erkek,2022-06-06T09:26:15.724Z
111494,Tracey,Edirne,3,https://placedog.net/640/480?r,4,gri,disi,2022-06-06T09:26:15.722Z
111793,Corry,Mugla,4,https://placedog.net/640/480?r,10,beyaz,disi,2022-06-06T09:26:15.722Z
111858,Brena,Eskisehir,3,https://placedog.net/640/480?r,6,gri,erkek,2022-06-06T09:26:15.726Z
112014,Brietta,Kirsehir,5,https://placedog.net/640/480?r,11,gri,erkek,2022-06-06T09:26:15.723Z
112278,Dorthy,Amasya,1,https://placedog.net/640/480?r,11,kahverengi,erkek,2022-06-06T09:26:15.723Z
112290,Gilligan,Usak,1,https://placedog.net/640/480?r,9,kahverengi,disi,2022-06-06T09:26:15.726Z
112614,Maurene,Istanbul,2,https://placedog.net/640/480?r,12,kahverengi,disi,2022-06-06T09:26:15.723Z
112634,Dulce,Bartin,4,https://placedog.net/640/480?r,4,kahverengi,erkek,2022-06-06T09:26:15.725Z
112686,Beatriz,Mardin,3,https://placedog.net/640/480?r,7,beyaz,erkek,2022-06-06T09:26:15.722Z
113000,Lenna,Hatay,3,https://placedog.net/640/480?r,11,gri,erkek,2022-06-06T09:26:15.725Z
113191,Violet,Antalya,1,https://placedog.net/640/480?r,4,kahverengi,erkek,2022-06-06T09:26:15.726Z
113294,Chrystel,Erzurum,2,https://placedog.net/640/480?r,13,gri,erkek,2022-06-06T09:26:15.722Z
113436,Aeriela,Duzce,5,https://placedog.net/640/480?r,13,beyaz,disi,2022-06-06T09:26:15.724Z
113535,Gale,Kocaeli,3,https://placedog.net/640/480?r,14,beyaz,disi,2022-06-06T09:26:15.726Z
113665,Deedee,Corum,3,https://placedog.net/640/480?r,15,gri,erkek,2022-06-06T09:26:15.724Z
113675,Maridel,Kastamonu,4,https://placedog.net/640/480?r,7,sari,disi,2022-06-06T09:26:15.723Z
113995,Lesly,Aksaray,3,https://placedog.net/640/480?r,7,gri,disi,2022-06-06T09:26:15.722Z
114482,Joy,Kirklareli,4,https://placedog.net/640/480?r,1,gri,erkek,2022-06-06T09:26:15.721Z
114482,Karly,Mugla,2,https://placedog.net/640/480?r,10,kahverengi,erkek,2022-06-06T09:26:15.723Z
114696,Fayre,Edirne,3,https://placedog.net/640/480?r,3,gri,erkek,2022-06-06T09:26:15.726Z
114754,Michaelina,Izmir,2,https://placedog.net/640/480?r,6,siyah,disi,2022-06-06T09:26:15.727Z
114895,Briney,Corum,4,https://placedog.net/640/480?r,13,gri,erkek,2022-06-06T09:26:15.724Z
115463,Susan,Aydin,2,https://placedog.net/640/480?r,12,gri,disi,2022-06-06T09:26:15.722Z
115509,Sidoney,Corum,1,https://placedog.net/640/480?r,7,kahverengi,disi,2022-06-06T09:26:15.724Z
115598,Katleen,Bayburt,1,https://placedog.net/640/480?r,9,sari,erkek,2022-06-06T09:26:15.725Z
115719,Kary,Kirklareli,4,https://placedog.net/640/480?r,14,kahverengi,disi,2022-06-06T09:26:15.726Z
115795,Oona,Bolu,4,https://placedog.net/640/480?r,15,gri,erkek,2022-06-06T09:26:15.722Z
115896,Alyda,Elazig,3,https://placedog.net/640/480?r,11,siyah,disi,2022-06-06T09:26:15.726Z
116553,Deedee,Giresun,4,https://placedog.net/640/480?r,14,beyaz,erkek,2022-06-06T09:26:15.722Z
116789,Mahalia,Ardahan,3,https://placedog.net/640/480?r,12,beyaz,erkek,2022-06-06T09:26:15.726Z
117005,Nollie,Gumushane,1,https://placedog.net/640/480?r,10,kahverengi,erkek,2022-06-06T09:26:15.725Z
117014,Doro,Bingol,5,https://placedog.net/640/480?r,9,siyah,disi,2022-06-06T09:26:15.721Z
117208,Ruthe,Kars,1,https://placedog.net/640/480?r,8,siyah,disi,2022-06-06T09:26:15.721Z
117452,Lorie,Yozgat,4,https://placedog.net/640/480?r,6,sari,erkek,2022-06-06T09:26:15.722Z
117486,Max,Ardahan,2,https://placedog.net/640/480?r,14,gri,disi,2022-06-06T09:26:15.722Z
118088,Gisela,Kirsehir,2,https://placedog.net/640/480?r,6,beyaz,disi,2022-06-06T09:26:15.726Z
118351,Leona,Karaman,5,https://placedog.net/640/480?r,14,beyaz,disi,2022-06-06T09:26:15.723Z
118367,Grier,Isparta,3,https://placedog.net/640/480?r,4,beyaz,disi,2022-06-06T09:26:15.726Z
118384,Dulcinea,Kilis,5,https://placedog.net/640/480?r,10,gri,disi,2022-06-06T09:26:15.724Z
118662,Bill,Balikesir,3,https://placedog.net/640/480?r,1,siyah,disi,2022-06-06T09:26:15.725Z
118780,Berta,Hakkari,5,https://placedog.net/640/480?r,1,beyaz,erkek,2022-06-06T09:26:15.721Z
119022,Kirbee,Hatay,4,https://placedog.net/640/480?r,4,sari,disi,2022-06-06T09:26:15.726Z
119859,Annecorinne,Bingol,4,https://placedog.net/640/480?r,8,gri,disi,2022-06-06T09:26:15.722Z
119866,Codie,Yozgat,1,https://placedog.net/640/480?r,12,kahverengi,disi,2022-06-06T09:26:15.726Z
120131,Renae,Sirnak,3,https://placedog.net/640/480?r,14,beyaz,disi,2022-06-06T09:26:15.723Z
120163,Winifred,Mardin,3,https://placedog.net/640/480?r,2,gri,erkek,2022-06-06T09:26:15.721Z
120352,Tori,Kastamonu,3,https://placedog.net/640/480?r,5,gri,erkek,2022-06-06T09:26:15.722Z
120446,Aurelie,Kirklareli,1,https://placedog.net/640/480?r,15,beyaz,disi,2022-06-06T09:26:15.724Z
120454,Marguerite,Samsun,5,https://placedog.net/640/480?r,13,beyaz,disi,2022-06-06T09:26:15.724Z
120523,Silvana,Manisa,2,https://placedog.net/640/480?r,12,beyaz,disi,2022-06-06T09:26:15.726Z
120920,Charmaine,Mardin,5,https://placedog.net/640/480?r,2,gri,erkek,2022-06-06T09:26:15.726Z
121302,Raf,Erzincan,3,https://placedog.net/640/480?r,5,beyaz,erkek,2022-06-06T09:26:15.722Z
121652,Charlena,Kayseri,4,https://placedog.net/640/480?r,3,kahverengi,disi,2022-06-06T09:26:15.726Z
121690,Mariele,Afyon,2,https://placedog.net/640/480?r,2,beyaz,erkek,2022-06-06T09:26:15.726Z
121864,Steffane,Antalya,1,https://placedog.net/640/480?r,7,siyah,disi,2022-06-06T09:26:15.723Z
122010,Nannie,Usak,3,https://placedog.net/640/480?r,14,siyah,erkek,2022-06-06T09:26:15.722Z
122017,Yetty,Ardahan,1,https://placedog.net/640/480?r,8,sari,disi,2022-06-06T09:26:15.724Z
122052,Rhea,Adiyaman,3,https://placedog.net/640/480?r,10,beyaz,disi,2022-06-06T09:26:15.725Z
122069,Louella,Giresun,3,https://placedog.net/640/480?r,1,sari,erkek,2022-06-06T09:26:15.725Z
122173,Fernande,Ardahan,2,https://placedog.net/640/480?r,5,sari,disi,2022-06-06T09:26:15.724Z
122567,Ginnie,Van,3,https://placedog.net/640/480?r,6,sari,disi,2022-06-06T09:26:15.726Z
122693,Kate,Van,4,https://placedog.net/640/480?r,15,kahverengi,disi,2022-06-06T09:26:15.725Z
122810,Nelle,Kastamonu,3,https://placedog.net/640/480?r,10,beyaz,erkek,2022-06-06T09:26:15.725Z
123133,Xylina,Erzincan,4,https://placedog.net/640/480?r,15,gri,disi,2022-06-06T09:26:15.725Z
123456,Chere,Sanliurfa,3,https://placedog.net/640/480?r,1,sari,erkek,2022-06-06T09:26:15.726Z
123465,Lyssa,Erzincan,5,https://placedog.net/640/480?r,15,kahverengi,disi,2022-06-06T09:26:15.724Z
123642,Diena,Rize,5,https://placedog.net/640/480?r,3,kahverengi,erkek,2022-06-06T09:26:15.722Z
123704,Andree,Hatay,3,https://placedog.net/640/480?r,2,sari,erkek,2022-06-06T09:26:15.724Z
123722,Gerianna,Siirt,4,https://placedog.net/640/480?r,5,gri,disi,2022-06-06T09:26:15.725Z
123811,Olwen,Adana,4,https://placedog.net/640/480?r,4,sari,erkek,2022-06-06T09:26:15.723Z
123843,Deirdre,Elazig,3,https://placedog.net/640/480?r,6,kahverengi,erkek,2022-06-06T09:26:15.726Z
124530,Joane,Artvin,2,https://placedog.net/640/480?r,1,beyaz,erkek,2022-06-06T09:26:15.724Z
124652,Fayre,Nevsehir,3,https://placedog.net/640/480?r,1,gri,disi,2022-06-06T09:26:15.725Z
125523,Desirae,Bilecik,5,https://placedog.net/640/480?r,2,sari,erkek,2022-06-06T09:26:15.724Z
125769,Fidelia,Giresun,5,https://placedog.net/640/480?r,9,sari,disi,2022-06-06T09:26:15.721Z
125874,Sherrie,Isparta,3,https://placedog.net/640/480?r,1,kahverengi,disi,2022-06-06T09:26:15.721Z
126000,Gilda,Ankara,1,https://placedog.net/640/480?r,15,beyaz,erkek,2022-06-06T09:26:15.723Z
126124,Roslyn,Edirne,3,https://placedog.net/640/480?r,9,siyah,erkek,2022-06-06T09:26:15.726Z
126193,Kathy,Denizli,1,https://placedog.net/640/480?r,12,kahverengi,erkek,2022-06-06T09:26:15.724Z
126318,Frieda,Rize,5,https://placedog.net/640/480?r,13,siyah,disi,2022-06-06T09:26:15.723Z
126632,Valera,Sinop,1,https://placedog.net/640/480?r,15,sari,erkek,2022-06-06T09:26:15.725Z
127477,Dede,Zonguldak,4,https://placedog.net/640/480?r,12,beyaz,disi,2022-06-06T09:26:15.726Z
127763,June,Afyon,4,https://placedog.net/640/480?r,11,beyaz,disi,2022-06-06T09:26:15.727Z
127798,Molli,Amasya,1,https://placedog.net/640/480?r,1,beyaz,erkek,2022-06-06T09:26:15.726Z
127820,Sabina,Sirnak,3,https://placedog.net/640/480?r,10,kahverengi,erkek,2022-06-06T09:26:15.724Z
127957,Caressa,Kilis,1,https://placedog.net/640/480?r,1,sari,disi,2022-06-06T09:26:15.726Z
128307,Marika,Artvin,5,https://placedog.net/640/480?r,6,beyaz,erkek,2022-06-06T09:26:15.725Z
128591,Elfreda,Kutahya,3,https://placedog.net/640/480?r,13,beyaz,disi,2022-06-06T09:26:15.721Z
128941,Mamie,Elazig,3,https://placedog.net/640/480?r,7,beyaz,disi,2022-06-06T09:26:15.724Z
129233,Latisha,Zonguldak,3,https://placedog.net/640/480?r,6,siyah,disi,2022-06-06T09:26:15.723Z
129391,Romona,Hatay,2,https://placedog.net/640/480?r,13,beyaz,erkek,2022-06-06T09:26:15.726Z
129467,Stacey,Bitlis,2,https://placedog.net/640/480?r,13,sari,disi,2022-06-06T09:26:15.725Z
129609,Renae,Istanbul,5,https://placedog.net/640/480?r,3,beyaz,disi,2022-06-06T09:26:15.725Z
129866,Ottilie,Ordu,3,https://placedog.net/640/480?r,8,siyah,erkek,2022-06-06T09:26:15.722Z
130070,Almeta,Zonguldak,4,https://placedog.net/640/480?r,14,siyah,disi,2022-06-06T09:26:15.722Z
130207,Maud,Amasya,1,https://placedog.net/640/480?r,11,beyaz,disi,2022-06-06T09:26:15.724Z
130209,Hettie,Sinop,2,https://placedog.net/640/480?r,6,sari,erkek,2022-06-06T09:26:15.724Z
130249,Daryl,Kayseri,5,https://placedog.net/640/480?r,2,siyah,disi,2022-06-06T09:26:15.726Z
130791,Elfreda,Kilis,2,https://placedog.net/640/480?r,3,sari,erkek,2022-06-06T09:26:15.724Z
130818,Annaliese,Kirikkale,5,https://placedog.net/640/480?r,4,beyaz,erkek,2022-06-06T09:26:15.726Z
130915,Sindee,Hakkari,1,https://placedog.net/640/480?r,15,kahverengi,erkek,2022-06-06T09:26:15.726Z
131174,Alejandra,Denizli,1,https://placedog.net/640/480?r,7,kahverengi,erkek,2022-06-06T09:26:15.722Z
131571,Winifred,Bingol,5,https://placedog.net/640/480?r,12,beyaz,disi,2022-06-06T09:26:15.725Z
131621,Chrystel,Bingol,4,https://placedog.net/640/480?r,9,sari,erkek,2022-06-06T09:26:15.723Z
131629,Clary,Van,1,https://placedog.net/640/480?r,3,sari,erkek,2022-06-06T09:26:15.721Z
131700,Isa,Sakarya,4,https://placedog.net/640/480?r,8,siyah,disi,2022-06-06T09:26:15.723Z
132817,Clementine,Siirt,1,https://placedog.net/640/480?r,4,kahverengi,erkek,2022-06-06T09:26:15.725Z
132906,Brianna,Adiyaman,4,https://placedog.net/640/480?r,4,gri,disi,2022-06-06T09:26:15.722Z
133217,Ardys,Mardin,3,https://placedog.net/640/480?r,6,sari,erkek,2022-06-06T09:26:15.723Z
133358,Mamie,Nigde,5,https://placedog.net/640/480?r,5,gri,erkek,2022-06-06T09:26:15.723Z
133362,Silvana,Aksaray,3,https://placedog.net/640/480?r,8,gri,disi,2022-06-06T09:26:15.726Z
133788,Binny,Isparta,5,https://placedog.net/640/480?r,10,siyah,disi,2022-06-06T09:26:15.725Z
133872,Clarice,Burdur,2,https://placedog.net/640/480?r,11,beyaz,erkek,2022-06-06T09:26:15.723Z
134223,Minne,Tokat,1,https://placedog.net/640/480?r,1,kahverengi,disi,2022-06-06T09:26:15.726Z
134314,Rosaline,Batman,2,https://placedog.net/640/480?r,2,sari,disi,2022-06-06T09:26:15.726Z
134380,Lusa,Usak,4,https://placedog.net/640/480?r,13,siyah,disi,2022-06-06T09:26:15.723Z
134397,Bernie,Afyon,1,https://placedog.net/640/480?r,5,beyaz,erkek,2022-06-06T09:26:15.723Z
134425,Lorenza,Sanliurfa,1,https://placedog.net/640/480?r,11,siyah,erkek,2022-06-06T09:26:15.725Z
134662,Dania,Yozgat,3,https://placedog.net/640/480?r,13,kahverengi,disi,2022-06-06T09:26:15.724Z
134758,Mireielle,Balikesir,5,https://placedog.net/640/480?r,9,sari,disi,2022-06-06T09:26:15.724Z
134913,Dede,Artvin,5,https://placedog.net/640/480?r,2,kahverengi,erkek,2022-06-06T09:26:15.726Z
135030,Michaelina,Erzincan,3,https://placedog.net/640/480?r,8,sari,disi,2022-06-06T09:26:15.725Z
135101,Rubie,Van,3,https://placedog.net/640/480?r,4,siyah,disi,2022-06-06T09:26:15.724Z
135168,Trixi,Tunceli,5,https://placedog.net/640/480?r,11,kahverengi,erkek,2022-06-06T09:26:15.722Z
135258,Roberta,Malatya,5,https://placedog.net/640/480?r,7,sari,disi,2022-06-06T09:26:15.721Z
135292,Brandise,Tekirdag,2,https://placedog.net/640/480?r,11,sari,erkek,2022-06-06T09:26:15.721Z
135719,Fredericka,Tunceli,1,https://placedog.net/640/480?r,6,kahverengi,disi,2022-06-06T09:26:15.725Z
136110,Monika,Afyon,3,https://placedog.net/640/480?r,9,sari,erkek,2022-06-06T09:26:15.725Z
136121,Angela,Kars,2,https://placedog.net/640/480?r,5,kahverengi,disi,2022-06-06T09:26:15.725Z
136192,Helena,Batman,1,https://placedog.net/640/480?r,1,siyah,erkek,2022-06-06T09:26:15.724Z
136281,Edee,Gumushane,3,https://placedog.net/640/480?r,7,sari,erkek,2022-06-06T09:26:15.724Z
136431,Suzette,Samsun,5,https://placedog.net/640/480?r,3,gri,disi,2022-06-06T09:26:15.724Z
136676,Jennica,Mugla,1,https://placedog.net/640/480?r,11,kahverengi,erkek,2022-06-06T09:26:15.726Z
137127,Hope,Konya,3,https://placedog.net/640/480?r,15,kahverengi,disi,2022-06-06T09:26:15.723Z
137182,Penelopa,Yozgat,2,https://placedog.net/640/480?r,11,kahverengi,erkek,2022-06-06T09:26:15.726Z
137183,Nikki,Igdir,3,https://placedog.net/640/480?r,7,kahverengi,erkek,2022-06-06T09:26:15.722Z
137229,Hope,Ordu,2,https://placedog.net/640/480?r,3,kahverengi,disi,2022-06-06T09:26:15.725Z
137410,Luci,Manisa,1,https://placedog.net/640/480?r,9,beyaz,erkek,2022-06-06T09:26:15.725Z
137498,Jackie,Kirsehir,3,https://placedog.net/640/480?r,10,sari,disi,2022-06-06T09:26:15.725Z
137660,Ardeen,Kirsehir,2,https://placedog.net/640/480?r,7,kahverengi,disi,2022-06-06T09:26:15.726Z
137725,Nickie,Hatay,4,https://placedog.net/640/480?r,4,gri,disi,2022-06-06T09:26:15.725Z
137818,Jenda,Tunceli,2,https://placedog.net/640/480?r,3,beyaz,disi,2022-06-06T09:26:15.723Z
138274,Clary,Aksaray,2,https://placedog.net/640/480?r,3,kahverengi,disi,2022-06-06T09:26:15.723Z
138296,Sophia,Mugla,4,https://placedog.net/640/480?r,15,sari,disi,2022-06-06T09:26:15.722Z
138303,Nelle,Sakarya,1,https://placedog.net/640/480?r,11,gri,disi,2022-06-06T09:26:15.723Z
138775,Rosabelle,Kahramanmaras,5,https://placedog.net/640/480?r,14,kahverengi,erkek,2022-06-06T09:26:15.726Z
138800,Violet,Cankiri,1,https://placedog.net/640/480?r,15,sari,erkek,2022-06-06T09:26:15.722Z
138898,Rosaline,Balikesir,2,https://placedog.net/640/480?r,10,beyaz,erkek,2022-06-06T09:26:15.722Z
139058,Dulce,Bursa,3,https://placedog.net/640/480?r,11,kahverengi,erkek,2022-06-06T09:26:15.723Z
139074,Georgina,Adiyaman,4,https://placedog.net/640/480?r,6,kahverengi,disi,2022-06-06T09:26:15.726Z
139122,Tonia,Rize,3,https://placedog.net/640/480?r,9,kahverengi,disi,2022-06-06T09:26:15.724Z
139617,Shel,Gumushane,4,https://placedog.net/640/480?r,11,siyah,erkek,2022-06-06T09:26:15.723Z
139965,Leona,Ordu,4,https://placedog.net/640/480?r,3,beyaz,disi,2022-06-06T09:26:15.726Z
140058,Dede,Rize,1,https://placedog.net/640/480?r,15,kahverengi,disi,2022-06-06T09:26:15.724Z
140281,Penelopa,Isparta,1,https://placedog.net/640/480?r,13,siyah,disi,2022-06-06T09:26:15.723Z
140428,Dorothy,Edirne,1,https://placedog.net/640/480?r,7,sari,erkek,2022-06-06T09:26:15.725Z
140910,Dotty,Bilecik,1,https://placedog.net/640/480?r,12,beyaz,erkek,2022-06-06T09:26:15.725Z
141221,Alyda,Denizli,5,https://placedog.net/640/480?r,7,beyaz,disi,2022-06-06T09:26:15.724Z
141296,Harrietta,Kars,5,https://placedog.net/640/480?r,14,gri,disi,2022-06-06T09:26:15.723Z
141352,Isa,Afyon,4,https://placedog.net/640/480?r,11,beyaz,erkek,2022-06-06T09:26:15.722Z
141406,Abbie,Sivas,5,https://placedog.net/640/480?r,4,beyaz,disi,2022-06-06T09:26:15.722Z
141943,Katuscha,Eskisehir,4,https://placedog.net/640/480?r,13,kahverengi,disi,2022-06-06T09:26:15.725Z
142183,Elise,Nigde,5,https://placedog.net/640/480?r,10,kahverengi,erkek,2022-06-06T09:26:15.725Z
142714,Minda,Sanliurfa,4,https://placedog.net/640/480?r,8,gri,disi,2022-06-06T09:26:15.726Z
142731,Gianina,Canakkale,2,https://placedog.net/640/480?r,3,sari,disi,2022-06-06T09:26:15.723Z
143372,Ulrike,Kahramanmaras,5,https://placedog.net/640/480?r,5,sari,erkek,2022-06-06T09:26:15.726Z
143539,Corly,Denizli,5,https://placedog.net/640/480?r,12,siyah,erkek,2022-06-06T09:26:15.726Z
143594,Rosaline,Hakkari,3,https://placedog.net/640/480?r,14,beyaz,disi,2022-06-06T09:26:15.726Z
143647,Rani,Bilecik,5,https://placedog.net/640/480?r,13,siyah,erkek,2022-06-06T09:26:15.722Z
143906,Atlanta,Hatay,5,https://placedog.net/640/480?r,7,beyaz,erkek,2022-06-06T09:26:15.724Z
144023,Bill,Nigde,3,https://placedog.net/640/480?r,5,sari,disi,2022-06-06T09:26:15.725Z
144464,Barbara,Bilecik,4,https://placedog.net/640/480?r,9,gri,erkek,2022-06-06T09:26:15.721Z
144630,Kristan,Mugla,3,https://placedog.net/640/480?r,11,beyaz,disi,2022-06-06T09:26:15.725Z
144651,Esmeralda,Bingol,3,https://placedog.net/640/480?r,6,kahverengi,disi,2022-06-06T09:26:15.726Z
144676,Ira,Ardahan,5,https://placedog.net/640/480?r,14,gri,erkek,2022-06-06T09:26:15.726Z
144713,Gaylene,Nigde,5,https://placedog.net/640/480?r,8,beyaz,erkek,2022-06-06T09:26:15.725Z
144962,Ada,Sivas,4,https://placedog.net/640/480?r,8,sari,erkek,2022-06-06T09:26:15.721Z
145282,Georgetta,Sirnak,1,https://placedog.net/640/480?r,1,sari,disi,2022-06-06T09:26:15.726Z
145289,Keelia,Mardin,1,https://placedog.net/640/480?r,9,kahverengi,erkek,2022-06-06T09:26:15.721Z
145316,Mamie,Tokat,5,https://placedog.net/640/480?r,5,kahverengi,erkek,2022-06-06T09:26:15.722Z
146110,Lucy,Amasya,1,https://placedog.net/640/480?r,11,siyah,disi,2022-06-06T09:26:15.726Z
146546,Gaylene,Hatay,4,https://placedog.net/640/480?r,13,beyaz,erkek,2022-06-06T09:26:15.726Z
146854,Atlanta,Mus,5,https://placedog.net/640/480?r,11,sari,disi,2022-06-06T09:26:15.725Z
147153,Flo,Kutahya,4,https://placedog.net/640/480?r,15,sari,erkek,2022-06-06T09:26:15.724Z
147218,Meghann,Van,3,https://placedog.net/640/480?r,14,gri,disi,2022-06-06T09:26:15.723Z
147291,Fred,Erzurum,2,https://placedog.net/640/480?r,14,siyah,erkek,2022-06-06T09:26:15.724Z
147502,Deedee,Hakkari,3,https://placedog.net/640/480?r,10,siyah,disi,2022-06-06T09:26:15.726Z
147801,Cacilie,Duzce,2,https://placedog.net/640/480?r,4,gri,disi,2022-06-06T09:26:15.725Z
147896,Linet,Mardin,5,https://placedog.net/640/480?r,1,kahverengi,erkek,2022-06-06T09:26:15.723Z
148177,Margette,Bingol,5,https://placedog.net/640/480?r,7,kahverengi,erkek,2022-06-06T09:26:15.726Z
148240,Ruthe,Agri,3,https://placedog.net/640/480?r,10,kahverengi,erkek,2022-06-06T09:26:15.726Z
148289,Dari,Kahramanmaras,2,https://placedog.net/640/480?r,1,siyah,disi,2022-06-06T09:26:15.721Z
148324,Karolina,Mus,1,https://placedog.net/640/480?r,4,kahverengi,disi,2022-06-06T09:26:15.723Z
148901,Amara,Mardin,5,https://placedog.net/640/480?r,6,siyah,erkek,2022-06-06T09:26:15.725Z
149108,Shell,Bursa,2,https://placedog.net/640/480?r,4,kahverengi,disi,2022-06-06T09:26:15.724Z
149219,Mallory,Izmir,5,https://placedog.net/640/480?r,3,beyaz,erkek,2022-06-06T09:26:15.726Z
149340,Brandise,Corum,3,https://placedog.net/640/480?r,12,siyah,disi,2022-06-06T09:26:15.723Z
149449,Fernande,Bayburt,2,https://placedog.net/640/480?r,6,kahverengi,disi,2022-06-06T09:26:15.726Z
149487,Giustina,Izmir,3,https://placedog.net/640/480?r,6,siyah,erkek,2022-06-06T09:26:15.723Z
149493,Juliane,Bartin,3,https://placedog.net/640/480?r,14,kahverengi,disi,2022-06-06T09:26:15.723Z
149628,Donetta,Agri,2,https://placedog.net/640/480?r,4,sari,disi,2022-06-06T09:26:15.725Z
149645,Stacey,Artvin,1,https://placedog.net/640/480?r,6,siyah,erkek,2022-06-06T09:26:15.724Z
150192,Doralynne,Adiyaman,4,https://placedog.net/640/480?r,13,kahverengi,disi,2022-06-06T09:26:15.722Z
150860,Ekaterina,Rize,2,https://placedog.net/640/480?r,12,kahverengi,erkek,2022-06-06T09:26:15.721Z
150934,Bibby,Cankiri,5,https://placedog.net/640/480?r,10,sari,erkek,2022-06-06T09:26:15.722Z
151055,Sheelagh,Ardahan,2,https://placedog.net/640/480?r,11,kahverengi,erkek,2022-06-06T09:26:15.726Z
151197,Silvana,Izmir,5,https://placedog.net/640/480?r,10,sari,disi,2022-06-06T09:26:15.721Z
151212,Nariko,Gaziantep,2,https://placedog.net/640/480?r,7,kahverengi,erkek,2022-06-06T09:26:15.721Z
151301,Sonni,Malatya,2,https://placedog.net/640/480?r,13,beyaz,disi,2022-06-06T09:26:15.724Z
151375,Ada,Kutahya,2,https://placedog.net/640/480?r,1,beyaz,erkek,2022-06-06T09:26:15.723Z
151388,Ivett,Afyon,1,https://placedog.net/640/480?r,12,siyah,disi,2022-06-06T09:26:15.723Z
151874,Emma,Kirklareli,4,https://placedog.net/640/480?r,11,sari,disi,2022-06-06T09:26:15.724Z
152171,Ericka,Van,4,https://placedog.net/640/480?r,10,sari,disi,2022-06-06T09:26:15.726Z
152400,Marylou,Eskisehir,4,https://placedog.net/640/480?r,4,gri,erkek,2022-06-06T09:26:15.722Z
152472,Roxane,Balikesir,5,https://placedog.net/640/480?r,1,sari,erkek,2022-06-06T09:26:15.723Z
152549,Lusa,Artvin,2,https://placedog.net/640/480?r,8,kahverengi,disi,2022-06-06T09:26:15.721Z
152595,Kittie,Aksaray,4,https://placedog.net/640/480?r,5,siyah,erkek,2022-06-06T09:26:15.721Z
152950,Perry,Malatya,5,https://placedog.net/640/480?r,4,beyaz,disi,2022-06-06T09:26:15.723Z
153055,Christal,Siirt,3,https://placedog.net/640/480?r,13,beyaz,erkek,2022-06-06T09:26:15.725Z
153634,Eolanda,Diyarbakir,1,https://placedog.net/640/480?r,7,siyah,disi,2022-06-06T09:26:15.725Z
153665,Rani,Siirt,1,https://placedog.net/640/480?r,14,siyah,disi,2022-06-06T09:26:15.726Z
153808,Lucy,Sivas,1,https://placedog.net/640/480?r,12,kahverengi,erkek,2022-06-06T09:26:15.722Z
154234,Jan,Elazig,4,https://placedog.net/640/480?r,14,kahverengi,disi,2022-06-06T09:26:15.725Z
154429,Demetris,Yalova,3,https://placedog.net/640/480?r,11,kahverengi,disi,2022-06-06T09:26:15.725Z
154480,Max,Kars,3,https://placedog.net/640/480?r,5,sari,erkek,2022-06-06T09:26:15.721Z
154567,Tori,Mardin,4,https://placedog.net/640/480?r,12,beyaz,disi,2022-06-06T09:26:15.722Z
154875,Marnia,Mus,5,https://placedog.net/640/480?r,13,gri,erkek,2022-06-06T09:26:15.725Z
155060,Lusa,Bilecik,4,https://placedog.net/640/480?r,5,gri,disi,2022-06-06T09:26:15.724Z
155192,Emylee,Corum,5,https://placedog.net/640/480?r,6,kahverengi,erkek,2022-06-06T09:26:15.726Z
155449,Bee,Bursa,1,https://placedog.net/640/480?r,6,beyaz,erkek,2022-06-06T09:26:15.725Z
155452,Glynnis,Kars,4,https://placedog.net/640/480?r,4,beyaz,disi,2022-06-06T09:26:15.724Z
155674,Pollyanna,Mugla,4,https://placedog.net/640/480?r,8,gri,erkek,2022-06-06T09:26:15.722Z
155874,Celestyna,Erzincan,3,https://placedog.net/640/480?r,14,siyah,erkek,2022-06-06T09:26:15.726Z
155908,Sophia,Mugla,5,https://placedog.net/640/480?r,11,gri,disi,2022-06-06T09:26:15.721Z
156032,Rozele,Yozgat,2,https://placedog.net/640/480?r,7,sari,erkek,2022-06-06T09:26:15.724Z
156403,Janenna,Aydin,4,https://placedog.net/640/480?r,13,gri,erkek,2022-06-06T09:26:15.722Z
156480,Dacia,Nevsehir,3,https://placedog.net/640/480?r,15,beyaz,erkek,2022-06-06T09:26:15.722Z
156827,Cassandra,Agri,2,https://placedog.net/640/480?r,14,kahverengi,erkek,2022-06-06T09:26:15.725Z
156896,Louella,Usak,2,https://placedog.net/640/480?r,10,gri,disi,2022-06-06T09:26:15.724Z
156921,Deirdre,Kars,1,https://placedog.net/640/480?r,13,siyah,disi,2022-06-06T09:26:15.726Z
156976,Minne,Canakkale,5,https://placedog.net/640/480?r,1,siyah,disi,2022-06-06T09:26:15.723Z
157517,Nataline,Ankara,1,https://placedog.net/640/480?r,1,beyaz,erkek,2022-06-06T09:26:15.727Z
157541,Olivette,Bilecik,5,https://placedog.net/640/480?r,8,gri,disi,2022-06-06T09:26:15.726Z
157628,Christian,Karabuk,4,https://placedog.net/640/480?r,2,sari,erkek,2022-06-06T09:26:15.723Z
158184,Brooks,Konya,5,https://placedog.net/640/480?r,9,gri,disi,2022-06-06T09:26:15.726Z
158229,Dulcinea,Afyon,4,https://placedog.net/640/480?r,15,siyah,erkek,2022-06-06T09:26:15.721Z
158657,Marylou,Kirklareli,4,https://placedog.net/640/480?r,1,siyah,disi,2022-06-06T09:26:15.724Z
158785,Noelle,Gumushane,4,https://placedog.net/640/480?r,13,gri,disi,2022-06-06T09:26:15.722Z
159112,Perry,Burdur,1,https://placedog.net/640/480?r,6,sari,disi,2022-06-06T09:26:15.726Z
159495,Georgetta,Sanliurfa,3,https://placedog.net/640/480?r,2,sari,disi,2022-06-06T09:26:15.722Z
159552,Dyann,Giresun,2,https://placedog.net/640/480?r,1,gri,disi,2022-06-06T09:26:15.725Z
159643,Karolina,Sanliurfa,2,https://placedog.net/640/480?r,14,beyaz,erkek,2022-06-06T09:26:15.726Z
159893,Dorothy,Kilis,4,https://placedog.net/640/480?r,6,kahverengi,disi,2022-06-06T09:26:15.722Z
159926,Harrietta,Ardahan,1,https://placedog.net/640/480?r,15,gri,disi,2022-06-06T09:26:15.721Z
160122,Farrah,Eskisehir,4,https://placedog.net/640/480?r,15,siyah,disi,2022-06-06T09:26:15.724Z
160330,Fredericka,Sinop,5,https://placedog.net/640/480?r,12,sari,disi,2022-06-06T09:26:15.725Z
160358,Adelle,Mus,4,https://placedog.net/640/480?r,3,gri,erkek,2022-06-06T09:26:15.723Z
160442,Charissa,Antalya,4,https://placedog.net/640/480?r,7,beyaz,erkek,2022-06-06T09:26:15.725Z
160628,Belva,Samsun,1,https://placedog.net/640/480?r,6,gri,disi,2022-06-06T09:26:15.723Z
160665,Janeczka,Bursa,3,https://placedog.net/640/480?r,9,sari,disi,2022-06-06T09:26:15.722Z
160670,Linzy,Erzurum,5,https://placedog.net/640/480?r,2,beyaz,disi,2022-06-06T09:26:15.726Z
160678,Fayre,Kayseri,4,https://placedog.net/640/480?r,3,kahverengi,erkek,2022-06-06T09:26:15.727Z
160716,Brandise,Karabuk,2,https://placedog.net/640/480?r,6,beyaz,disi,2022-06-06T09:26:15.724Z
160940,Alyssa,Kilis,4,https://placedog.net/640/480?r,9,siyah,erkek,2022-06-06T09:26:15.724Z
161021,Sashenka,Balikesir,2,https://placedog.net/640/480?r,11,beyaz,disi,2022-06-06T09:26:15.726Z
161190,Fred,Kocaeli,4,https://placedog.net/640/480?r,7,sari,erkek,2022-06-06T09:26:15.723Z
161324,Briney,Aksaray,3,https://placedog.net/640/480?r,10,gri,disi,2022-06-06T09:26:15.721Z
161349,Hettie,Kilis,1,https://placedog.net/640/480?r,6,sari,erkek,2022-06-06T09:26:15.726Z
161377,Zia,Bolu,1,https://placedog.net/640/480?r,3,siyah,disi,2022-06-06T09:26:15.727Z
161607,Natka,Sirnak,2,https://placedog.net/640/480?r,11,siyah,erkek,2022-06-06T09:26:15.722Z
161739,Yvonne,Trabzon,3,https://placedog.net/640/480?r,7,beyaz,erkek,2022-06-06T09:26:15.725Z
161809,Mallory,Rize,5,https://placedog.net/640/480?r,8,sari,disi,2022-06-06T09:26:15.722Z
162081,Ardeen,Batman,3,https://placedog.net/640/480?r,12,kahverengi,disi,2022-06-06T09:26:15.722Z
162140,Hollie,Trabzon,1,https://placedog.net/640/480?r,3,beyaz,disi,2022-06-06T09:26:15.726Z
162191,Briney,Igdir,4,https://placedog.net/640/480?r,6,beyaz,erkek,2022-06-06T09:26:15.722Z
162209,Babita,Corum,2,https://placedog.net/640/480?r,3,beyaz,erkek,2022-06-06T09:26:15.725Z
162571,Valeda,Tekirdag,5,https://placedog.net/640/480?r,6,siyah,disi,2022-06-06T09:26:15.722Z
162629,Candy,Diyarbakir,1,https://placedog.net/640/480?r,14,sari,erkek,2022-06-06T09:26:15.721Z
162773,Alleen,Sakarya,1,https://placedog.net/640/480?r,2,sari,erkek,2022-06-06T09:26:15.721Z
162881,Amelia,Kirsehir,1,https://placedog.net/640/480?r,4,kahverengi,disi,2022-06-06T09:26:15.724Z
163259,Elvira,Kayseri,2,https://placedog.net/640/480?r,15,kahverengi,erkek,2022-06-06T09:26:15.723Z
163395,Corly,Canakkale,3,https://placedog.net/640/480?r,4,sari,disi,2022-06-06T09:26:15.722Z
163530,Kassey,Giresun,5,https://placedog.net/640/480?r,2,gri,erkek,2022-06-06T09:26:15.724Z
163631,Ingrid,Duzce,3,https://placedog.net/640/480?r,1,kahverengi,disi,2022-06-06T09:26:15.721Z
163740,Philis,Mardin,4,https://placedog.net/640/480?r,11,beyaz,disi,2022-06-06T09:26:15.726Z
164265,Jennica,Mugla,1,https://placedog.net/640/480?r,13,sari,disi,2022-06-06T09:26:15.722Z
164330,Yetty,Mardin,2,https://placedog.net/640/480?r,15,kahverengi,erkek,2022-06-06T09:26:15.722Z
165123,Jere,Mardin,2,https://placedog.net/640/480?r,1,gri,disi,2022-06-06T09:26:15.724Z
165131,Donetta,Tekirdag,3,https://placedog.net/640/480?r,3,siyah,erkek,2022-06-06T09:26:15.726Z
165319,Sheelagh,Sinop,3,https://placedog.net/640/480?r,1,gri,erkek,2022-06-06T09:26:15.723Z
165544,Maurene,Kirikkale,4,https://placedog.net/640/480?r,1,sari,disi,2022-06-06T09:26:15.724Z
165746,Sybille,Cankiri,2,https://placedog.net/640/480?r,3,beyaz,erkek,2022-06-06T09:26:15.723Z
165830,Hyacinthe,Gumushane,5,https://placedog.net/640/480?r,12,kahverengi,disi,2022-06-06T09:26:15.726Z
166009,Dulce,Erzurum,3,https://placedog.net/640/480?r,12,sari,disi,2022-06-06T09:26:15.723Z
166172,Anallese,Ardahan,1,https://placedog.net/640/480?r,1,siyah,disi,2022-06-06T09:26:15.722Z
166204,Amii,Nigde,1,https://placedog.net/640/480?r,7,gri,erkek,2022-06-06T09:26:15.726Z
166372,Fanchon,Kutahya,1,https://placedog.net/640/480?r,9,beyaz,erkek,2022-06-06T09:26:15.721Z
166379,Kaja,Sinop,3,https://placedog.net/640/480?r,4,sari,disi,2022-06-06T09:26:15.722Z
166899,Susan,Malatya,3,https://placedog.net/640/480?r,13,beyaz,erkek,2022-06-06T09:26:15.724Z
166901,Cyndie,Tunceli,3,https://placedog.net/640/480?r,13,beyaz,erkek,2022-06-06T09:26:15.721Z
167087,Marcelline,Gaziantep,5,https://placedog.net/640/480?r,8,beyaz,erkek,2022-06-06T09:26:15.723Z
167187,Kittie,Mardin,4,https://placedog.net/640/480?r,9,sari,disi,2022-06-06T09:26:15.725Z
167220,Georgina,Igdir,1,https://placedog.net/640/480?r,9,beyaz,erkek,2022-06-06T09:26:15.721Z
167451,Larine,Mus,3,https://placedog.net/640/480?r,8,kahverengi,disi,2022-06-06T09:26:15.721Z
167643,Reeba,Zonguldak,3,https://placedog.net/640/480?r,6,gri,erkek,2022-06-06T09:26:15.724Z
167721,Konstance,Gumushane,4,https://placedog.net/640/480?r,10,beyaz,disi,2022-06-06T09:26:15.724Z
167871,Annabela,Afyon,1,https://placedog.net/640/480?r,11,siyah,erkek,2022-06-06T09:26:15.726Z
167880,Marcy,Artvin,2,https://placedog.net/640/480?r,13,beyaz,disi,2022-06-06T09:26:15.723Z
167976,Annora,Izmir,5,https://placedog.net/640/480?r,4,kahverengi,erkek,2022-06-06T09:26:15.725Z
168033,Teriann,Aksaray,2,https://placedog.net/640/480?r,15,sari,disi,2022-06-06T09:26:15.726Z
168302,Doro,Sivas,5,https://placedog.net/640/480?r,3,sari,erkek,2022-06-06T09:26:15.723Z
168763,Collen,Sanliurfa,5,https://placedog.net/640/480?r,5,siyah,erkek,2022-06-06T09:26:15.721Z
168818,Bee,Bingol,5,https://placedog.net/640/480?r,13,siyah,disi,2022-06-06T09:26:15.727Z
169104,Rhoda,Rize,1,https://placedog.net/640/480?r,7,siyah,erkek,2022-06-06T09:26:15.725Z
169344,Ivett,Bartin,5,https://placedog.net/640/480?r,9,gri,erkek,2022-06-06T09:26:15.725Z
169412,Elfreda,Konya,3,https://placedog.net/640/480?r,2,beyaz,disi,2022-06-06T09:26:15.726Z
169452,Rosabelle,Kutahya,5,https://placedog.net/640/480?r,13,beyaz,disi,2022-06-06T09:26:15.726Z
169592,Pierette,Tunceli,4,https://placedog.net/640/480?r,1,siyah,disi,2022-06-06T09:26:15.726Z
169775,Beatriz,Giresun,5,https://placedog.net/640/480?r,11,gri,erkek,2022-06-06T09:26:15.724Z
169815,Cristine,Bitlis,5,https://placedog.net/640/480?r,2,gri,disi,2022-06-06T09:26:15.725Z
169919,Korrie,Ardahan,5,https://placedog.net/640/480?r,13,sari,erkek,2022-06-06T09:26:15.722Z
170237,Rayna,Kirsehir,4,https://placedog.net/640/480?r,1,kahverengi,disi,2022-06-06T09:26:15.722Z
170257,Andree,Van,5,https://placedog.net/640/480?r,11,beyaz,disi,2022-06-06T09:26:15.724Z
170442,Chickie,Igdir,3,https://placedog.net/640/480?r,11,siyah,disi,2022-06-06T09:26:15.724Z
170448,Alyssa,Rize,3,https://placedog.net/640/480?r,12,sari,erkek,2022-06-06T09:26:15.722Z
170889,Randa,Kirklareli,3,https://placedog.net/640/480?r,6,beyaz,erkek,2022-06-06T09:26:15.723Z
171058,Jolyn,Manisa,1,https://placedog.net/640/480?r,4,siyah,erkek,2022-06-06T09:26:15.723Z
171370,Henriette,Mus,2,https://placedog.net/640/480?r,5,siyah,disi,2022-06-06T09:26:15.721Z
171403,Myriam,Giresun,4,https://placedog.net/640/480?r,6,gri,erkek,2022-06-06T09:26:15.720Z
172293,Johna,Hatay,4,https://placedog.net/640/480?r,10,kahverengi,erkek,2022-06-06T09:26:15.721Z
172366,Gwyneth,Ordu,2,https://placedog.net/640/480?r,10,sari,disi,2022-06-06T09:26:15.726Z
172499,Lorne,Kirsehir,3,https://placedog.net/640/480?r,6,kahverengi,disi,2022-06-06T09:26:15.724Z
172800,Moyna,Usak,2,https://placedog.net/640/480?r,3,sari,disi,2022-06-06T09:26:15.722Z
173171,Tarra,Mugla,1,https://placedog.net/640/480?r,8,gri,erkek,2022-06-06T09:26:15.720Z
173322,Regina,Antalya,4,https://placedog.net/640/480?r,2,siyah,erkek,2022-06-06T09:26:15.724Z
173375,Consuela,Manisa,4,https://placedog.net/640/480?r,12,siyah,erkek,2022-06-06T09:26:15.726Z
173444,Sean,Manisa,3,https://placedog.net/640/480?r,4,gri,erkek,2022-06-06T09:26:15.726Z
173841,Bernie,Kayseri,4,https://placedog.net/640/480?r,7,siyah,disi,2022-06-06T09:26:15.722Z
174023,Roxane,Amasya,2,https://placedog.net/640/480?r,1,gri,erkek,2022-06-06T09:26:15.726Z
174049,Renae,Agri,2,https://placedog.net/640/480?r,14,kahverengi,disi,2022-06-06T09:26:15.721Z
174149,Hope,Samsun,4,https://placedog.net/640/480?r,4,sari,disi,2022-06-06T09:26:15.724Z
174156,Flory,Hakkari,2,https://placedog.net/640/480?r,3,kahverengi,disi,2022-06-06T09:26:15.721Z
174231,Yetty,Corum,4,https://placedog.net/640/480?r,3,beyaz,disi,2022-06-06T09:26:15.725Z
174510,Ninnetta,Canakkale,2,https://placedog.net/640/480?r,13,kahverengi,erkek,2022-06-06T09:26:15.723Z
174512,Fanchon,Ankara,1,https://placedog.net/640/480?r,2,sari,erkek,2022-06-06T09:26:15.725Z
174569,Maye,Kutahya,4,https://placedog.net/640/480?r,4,siyah,disi,2022-06-06T09:26:15.722Z
174574,Marylou,Burdur,3,https://placedog.net/640/480?r,2,siyah,erkek,2022-06-06T09:26:15.724Z
174576,Ardenia,Mus,5,https://placedog.net/640/480?r,13,sari,disi,2022-06-06T09:26:15.725Z
174690,Marinna,Canakkale,4,https://placedog.net/640/480?r,2,gri,erkek,2022-06-06T09:26:15.723Z
174734,Farrah,Osmaniye,5,https://placedog.net/640/480?r,7,kahverengi,disi,2022-06-06T09:26:15.723Z
175107,Jessy,Eskisehir,3,https://placedog.net/640/480?r,10,beyaz,disi,2022-06-06T09:26:15.722Z
175244,Loree,Manisa,2,https://placedog.net/640/480?r,10,gri,erkek,2022-06-06T09:26:15.724Z
175385,Sheree,Bayburt,4,https://placedog.net/640/480?r,11,beyaz,erkek,2022-06-06T09:26:15.726Z
175493,Fanny,Kirsehir,1,https://placedog.net/640/480?r,7,kahverengi,disi,2022-06-06T09:26:15.723Z
175779,Lizzie,Amasya,3,https://placedog.net/640/480?r,8,sari,disi,2022-06-06T09:26:15.726Z
175801,Misha,Malatya,5,https://placedog.net/640/480?r,2,kahverengi,erkek,2022-06-06T09:26:15.723Z
175876,Lolita,Osmaniye,4,https://placedog.net/640/480?r,6,kahverengi,erkek,2022-06-06T09:26:15.721Z
175924,Dennie,Kastamonu,1,https://placedog.net/640/480?r,1,gri,disi,2022-06-06T09:26:15.727Z
175968,Sarette,Aydin,5,https://placedog.net/640/480?r,5,gri,disi,2022-06-06T09:26:15.724Z
176845,Kial,Ardahan,3,https://placedog.net/640/480?r,12,beyaz,disi,2022-06-06T09:26:15.724Z
176948,Damaris,Cankiri,1,https://placedog.net/640/480?r,4,kahverengi,erkek,2022-06-06T09:26:15.723Z
177008,Gavrielle,Eskisehir,1,https://placedog.net/640/480?r,14,gri,erkek,2022-06-06T09:26:15.721Z
177162,Joane,Yozgat,5,https://placedog.net/640/480?r,4,sari,disi,2022-06-06T09:26:15.722Z
177232,Jeanna,Cankiri,4,https://placedog.net/640/480?r,11,kahverengi,disi,2022-06-06T09:26:15.722Z
177472,Kerrin,Izmir,2,https://placedog.net/640/480?r,9,kahverengi,erkek,2022-06-06T09:26:15.725Z
177617,Elise,Isparta,3,https://placedog.net/640/480?r,6,gri,erkek,2022-06-06T09:26:15.725Z
177689,Karina,Karabuk,4,https://placedog.net/640/480?r,9,siyah,disi,2022-06-06T09:26:15.725Z
177793,Tilly,Batman,3,https://placedog.net/640/480?r,8,sari,erkek,2022-06-06T09:26:15.725Z
177968,Sam,Mersin,5,https://placedog.net/640/480?r,3,kahverengi,erkek,2022-06-06T09:26:15.726Z
178005,Heddie,Mugla,4,https://placedog.net/640/480?r,10,beyaz,disi,2022-06-06T09:26:15.721Z
178089,Juliane,Denizli,1,https://placedog.net/640/480?r,8,sari,disi,2022-06-06T09:26:15.721Z
178850,Fawne,Ordu,2,https://placedog.net/640/480?r,12,sari,erkek,2022-06-06T09:26:15.721Z
178933,Kathy,Adiyaman,5,https://placedog.net/640/480?r,11,beyaz,disi,2022-06-06T09:26:15.725Z
179191,Leona,Aksaray,2,https://placedog.net/640/480?r,4,siyah,erkek,2022-06-06T09:26:15.724Z
179293,Elora,Denizli,5,https://placedog.net/640/480?r,14,sari,disi,2022-06-06T09:26:15.725Z
179810,Pearline,Samsun,3,https://placedog.net/640/480?r,1,sari,erkek,2022-06-06T09:26:15.724Z
179902,Ricky,Bartin,4,https://placedog.net/640/480?r,3,siyah,erkek,2022-06-06T09:26:15.722Z
180094,Valli,Trabzon,1,https://placedog.net/640/480?r,11,siyah,erkek,2022-06-06T09:26:15.726Z
180099,Merry,Kirsehir,5,https://placedog.net/640/480?r,11,sari,disi,2022-06-06T09:26:15.721Z
180121,Claudina,Adiyaman,3,https://placedog.net/640/480?r,11,beyaz,disi,2022-06-06T09:26:15.726Z
180233,Valera,Bolu,4,https://placedog.net/640/480?r,15,kahverengi,disi,2022-06-06T09:26:15.724Z
180395,Elvira,Gumushane,4,https://placedog.net/640/480?r,7,beyaz,erkek,2022-06-06T09:26:15.724Z
180633,Gilligan,Kocaeli,2,https://placedog.net/640/480?r,6,beyaz,disi,2022-06-06T09:26:15.723Z
180658,Ardenia,Manisa,4,https://placedog.net/640/480?r,12,kahverengi,erkek,2022-06-06T09:26:15.722Z
180863,Jany,Gaziantep,2,https://placedog.net/640/480?r,15,kahverengi,erkek,2022-06-06T09:26:15.723Z
181049,Lolita,Bingol,1,https://placedog.net/640/480?r,7,gri,erkek,2022-06-06T09:26:15.723Z
181057,Donnie,Zonguldak,5,https://placedog.net/640/480?r,7,gri,disi,2022-06-06T09:26:15.723Z
181188,Cassondra,Gumushane,4,https://placedog.net/640/480?r,2,siyah,disi,2022-06-06T09:26:15.721Z
181514,Selma,Bitlis,4,https://placedog.net/640/480?r,8,beyaz,erkek,2022-06-06T09:26:15.724Z
181534,Deirdre,Elazig,3,https://placedog.net/640/480?r,13,kahverengi,disi,2022-06-06T09:26:15.724Z
181556,Harrietta,Ardahan,4,https://placedog.net/640/480?r,13,siyah,disi,2022-06-06T09:26:15.724Z
182181,Chastity,Karabuk,3,https://placedog.net/640/480?r,6,siyah,erkek,2022-06-06T09:26:15.726Z
182187,Ermengarde,Amasya,4,https://placedog.net/640/480?r,14,beyaz,erkek,2022-06-06T09:26:15.722Z
182402,Edee,Kahramanmaras,5,https://placedog.net/640/480?r,5,sari,erkek,2022-06-06T09:26:15.722Z
182420,Coral,Tunceli,2,https://placedog.net/640/480?r,2,sari,erkek,2022-06-06T09:26:15.725Z
182641,Bee,Diyarbakir,2,https://placedog.net/640/480?r,2,sari,disi,2022-06-06T09:26:15.724Z
183058,Allyce,Hakkari,3,https://placedog.net/640/480?r,12,kahverengi,disi,2022-06-06T09:26:15.725Z
183182,Adore,Erzurum,3,https://placedog.net/640/480?r,1,kahverengi,disi,2022-06-06T09:26:15.726Z
183434,Neila,Adana,3,https://placedog.net/640/480?r,13,gri,erkek,2022-06-06T09:26:15.721Z
183458,Bernardine,Usak,3,https://placedog.net/640/480?r,8,beyaz,disi,2022-06-06T09:26:15.721Z
183753,Maurene,Aydin,2,https://placedog.net/640/480?r,11,sari,erkek,2022-06-06T09:26:15.725Z
184024,Laurene,Kars,2,https://placedog.net/640/480?r,1,gri,erkek,2022-06-06T09:26:15.723Z
184041,Bee,Bilecik,1,https://placedog.net/640/480?r,11,gri,disi,2022-06-06T09:26:15.723Z
184059,Odessa,Gaziantep,1,https://placedog.net/640/480?r,5,gri,erkek,2022-06-06T09:26:15.725Z
184520,Sarette,Adiyaman,5,https://placedog.net/640/480?r,3,beyaz,disi,2022-06-06T09:26:15.722Z
184618,Beverley,Tokat,4,https://placedog.net/640/480?r,14,gri,erkek,2022-06-06T09:26:15.723Z
185205,Kristina,Diyarbakir,1,https://placedog.net/640/480?r,9,sari,erkek,2022-06-06T09:26:15.725Z
185291,Janeczka,Mugla,3,https://placedog.net/640/480?r,9,siyah,disi,2022-06-06T09:26:15.725Z
185415,Gabriellia,Sinop,1,https://placedog.net/640/480?r,11,gri,disi,2022-06-06T09:26:15.724Z
185430,Ofilia,Rize,2,https://placedog.net/640/480?r,5,gri,erkek,2022-06-06T09:26:15.724Z
185874,Briney,Ankara,4,https://placedog.net/640/480?r,4,beyaz,erkek,2022-06-06T09:26:15.723Z
185975,Roslyn,Kirklareli,3,https://placedog.net/640/480?r,5,siyah,disi,2022-06-06T09:26:15.724Z
186356,Jan,Burdur,2,https://placedog.net/640/480?r,1,sari,disi,2022-06-06T09:26:15.721Z
186375,Ekaterina,Kirikkale,5,https://placedog.net/640/480?r,1,kahverengi,erkek,2022-06-06T09:26:15.726Z
186376,Allis,Yalova,1,https://placedog.net/640/480?r,4,gri,disi,2022-06-06T09:26:15.726Z
186710,Andeee,Kirklareli,2,https://placedog.net/640/480?r,3,sari,erkek,2022-06-06T09:26:15.726Z
187256,Britni,Osmaniye,3,https://placedog.net/640/480?r,1,sari,disi,2022-06-06T09:26:15.723Z
187263,Mathilda,Ankara,5,https://placedog.net/640/480?r,9,siyah,disi,2022-06-06T09:26:15.725Z
187318,Bill,Kirikkale,5,https://placedog.net/640/480?r,2,kahverengi,disi,2022-06-06T09:26:15.722Z
187473,Regina,Izmir,4,https://placedog.net/640/480?r,14,sari,erkek,2022-06-06T09:26:15.725Z
187677,Tonia,Elazig,1,https://placedog.net/640/480?r,11,kahverengi,disi,2022-06-06T09:26:15.724Z
187864,Shaylyn,Antalya,2,https://placedog.net/640/480?r,11,siyah,erkek,2022-06-06T09:26:15.724Z
187887,Ezmeralda,Cankiri,3,https://placedog.net/640/480?r,12,sari,disi,2022-06-06T09:26:15.722Z
187895,Pierette,Ordu,5,https://placedog.net/640/480?r,4,sari,erkek,2022-06-06T09:26:15.726Z
187949,Gianina,Izmir,4,https://placedog.net/640/480?r,8,kahverengi,disi,2022-06-06T09:26:15.721Z
188049,Genevra,Ankara,4,https://placedog.net/640/480?r,3,gri,disi,2022-06-06T09:26:15.723Z
188091,Mahalia,Osmaniye,3,https://placedog.net/640/480?r,14,siyah,erkek,2022-06-06T09:26:15.721Z
188206,Caressa,Batman,4,https://placedog.net/640/480?r,4,kahverengi,erkek,2022-06-06T09:26:15.726Z
188493,Ezmeralda,Ankara,5,https://placedog.net/640/480?r,8,gri,erkek,2022-06-06T09:26:15.721Z
188608,Justinn,Ordu,2,https://placedog.net/640/480?r,14,kahverengi,disi,2022-06-06T09:26:15.726Z
188740,Quintina,Kirikkale,2,https://placedog.net/640/480?r,3,kahverengi,disi,2022-06-06T09:26:15.725Z
188915,Roslyn,Sirnak,5,https://placedog.net/640/480?r,9,kahverengi,erkek,2022-06-06T09:26:15.722Z
189207,Ingrid,Erzincan,2,https://placedog.net/640/480?r,13,kahverengi,erkek,2022-06-06T09:26:15.724Z
189530,Cindelyn,Malatya,5,https://placedog.net/640/480?r,10,gri,disi,2022-06-06T09:26:15.725Z
189825,Ingrid,Kutahya,2,https://placedog.net/640/480?r,6,kahverengi,erkek,2022-06-06T09:26:15.726Z
189902,Gabriellia,Mardin,3,https://placedog.net/640/480?r,9,gri,disi,2022-06-06T09:26:15.721Z
189922,Judy,Ardahan,2,https://placedog.net/640/480?r,2,kahverengi,disi,2022-06-06T09:26:15.725Z
189948,Luci,Manisa,5,https://placedog.net/640/480?r,4,siyah,erkek,2022-06-06T09:26:15.723Z
189962,Frank,Tunceli,5,https://placedog.net/640/480?r,13,beyaz,erkek,2022-06-06T09:26:15.724Z
189972,Dominga,Kahramanmaras,5,https://placedog.net/640/480?r,14,sari,erkek,2022-06-06T09:26:15.726Z
190225,Bobinette,Tekirdag,2,https://placedog.net/640/480?r,6,gri,disi,2022-06-06T09:26:15.723Z
190307,Renie,Bolu,5,https://placedog.net/640/480?r,8,gri,disi,2022-06-06T09:26:15.725Z
190697,Tarra,Siirt,2,https://placedog.net/640/480?r,13,gri,disi,2022-06-06T09:26:15.724Z
190762,Roslyn,Duzce,2,https://placedog.net/640/480?r,9,siyah,disi,2022-06-06T09:26:15.726Z
191129,Shauna,Mus,3,https://placedog.net/640/480?r,8,sari,erkek,2022-06-06T09:26:15.721Z
191135,Berta,Balikesir,1,https://placedog.net/640/480?r,10,siyah,erkek,2022-06-06T09:26:15.725Z
191140,Lily,Hatay,2,https://placedog.net/640/480?r,13,kahverengi,disi,2022-06-06T09:26:15.727Z
191216,Lucille,Nevsehir,5,https://placedog.net/640/480?r,15,siyah,erkek,2022-06-06T09:26:15.725Z
191394,Julieta,Konya,5,https://placedog.net/640/480?r,7,kahverengi,disi,2022-06-06T09:26:15.726Z
191436,Teriann,Kilis,2,https://placedog.net/640/480?r,14,gri,erkek,2022-06-06T09:26:15.722Z
191607,Abbie,Manisa,4,https://placedog.net/640/480?r,2,kahverengi,disi,2022-06-06T09:26:15.726Z
191634,Pierette,Malatya,1,https://placedog.net/640/480?r,4,kahverengi,erkek,2022-06-06T09:26:15.727Z
192248,Riannon,Sanliurfa,1,https://placedog.net/640/480?r,2,kahverengi,erkek,2022-06-06T09:26:15.723Z
193434,Nickie,Siirt,2,https://placedog.net/640/480?r,11,kahverengi,erkek,2022-06-06T09:26:15.726Z
